SalePrice,LotFrontage,LotArea,Utilities,Neighborhood,YearBuilt,FullBath,HalfBath,BedroomAbvGr,GarageCars,GarageArea
208500,65.0,8450,AllPub,CollgCr,2003,2,1,3,2,548
181500,80.0,9600,AllPub,Veenker,1976,2,0,3,2,460
223500,68.0,11250,AllPub,CollgCr,2001,2,1,3,2,608
140000,60.0,9550,AllPub,Crawfor,1915,1,0,3,3,642
250000,84.0,14260,AllPub,NoRidge,2000,2,1,4,3,836
143000,85.0,14115,AllPub,Mitchel,1993,1,1,1,2,480
307000,75.0,10084,AllPub,Somerst,2004,2,0,3,2,636
200000,,10382,AllPub,NWAmes,1973,2,1,3,2,484
129900,51.0,6120,AllPub,OldTown,1931,2,0,2,2,468
118000,50.0,7420,AllPub,BrkSide,1939,1,0,2,1,205
129500,70.0,11200,AllPub,Sawyer,1965,1,0,3,1,384
345000,85.0,11924,AllPub,NridgHt,2005,3,0,4,3,736
144000,,12968,AllPub,Sawyer,1962,1,0,2,1,352
279500,91.0,10652,AllPub,CollgCr,2006,2,0,3,3,840
157000,,10920,AllPub,NAmes,1960,1,1,2,1,352
132000,51.0,6120,AllPub,BrkSide,1929,1,0,2,2,576
149000,,11241,AllPub,NAmes,1970,1,0,2,2,480
90000,72.0,10791,AllPub,Sawyer,1967,2,0,2,2,516
159000,66.0,13695,AllPub,SawyerW,2004,1,1,3,2,576
139000,70.0,7560,AllPub,NAmes,1958,1,0,3,1,294
325300,101.0,14215,AllPub,NridgHt,2005,3,1,4,3,853
139400,57.0,7449,AllPub,IDOTRR,1930,1,0,3,1,280
230000,75.0,9742,AllPub,CollgCr,2002,2,0,3,2,534
129900,44.0,4224,AllPub,MeadowV,1976,1,0,3,2,572
154000,,8246,AllPub,Sawyer,1968,1,0,3,1,270
256300,110.0,14230,AllPub,NridgHt,2007,2,0,3,3,890
134800,60.0,7200,AllPub,NAmes,1951,1,0,3,2,576
306000,98.0,11478,AllPub,NridgHt,2007,2,0,3,3,772
207500,47.0,16321,AllPub,NAmes,1957,1,0,2,1,319
68500,60.0,6324,AllPub,BrkSide,1927,1,0,1,1,240
40000,50.0,8500,AllPub,IDOTRR,1920,1,0,3,1,250
149350,,8544,AllPub,Sawyer,1966,1,1,3,1,271
179900,85.0,11049,AllPub,CollgCr,2007,2,0,3,2,484
165500,70.0,10552,AllPub,NAmes,1959,1,1,4,2,447
277500,60.0,7313,AllPub,NridgHt,2005,2,0,2,2,556
309000,108.0,13418,AllPub,NridgHt,2004,3,1,4,3,691
145000,112.0,10859,AllPub,CollgCr,1994,1,1,3,2,672
153000,74.0,8532,AllPub,NAmes,1954,1,0,3,2,498
109000,68.0,7922,AllPub,NAmes,1953,1,0,3,1,246
82000,65.0,6040,AllPub,Edwards,1955,2,0,2,0,0
160000,84.0,8658,AllPub,NAmes,1965,2,0,3,2,440
170000,115.0,16905,AllPub,Timber,1959,1,1,2,1,308
144000,,9180,AllPub,SawyerW,1983,1,0,2,2,504
130250,,9200,AllPub,CollgCr,1975,1,0,3,1,308
141000,70.0,7945,AllPub,NAmes,1959,1,0,3,1,300
319900,61.0,7658,AllPub,NridgHt,2005,2,0,2,2,576
239686,48.0,12822,AllPub,Mitchel,2003,1,1,1,2,670
249700,84.0,11096,AllPub,Somerst,2006,2,0,3,3,826
113000,33.0,4456,AllPub,OldTown,1920,2,0,2,0,0
127000,66.0,7742,AllPub,Sawyer,1966,1,0,3,1,386
177000,,13869,AllPub,Gilbert,1997,2,0,3,2,388
114500,52.0,6240,AllPub,BrkSide,1934,1,0,3,2,528
110000,110.0,8472,AllPub,IDOTRR,1963,1,0,2,2,516
385000,68.0,50271,AllPub,Veenker,1981,0,1,0,3,894
130000,60.0,7134,AllPub,NAmes,1955,1,0,3,2,572
180500,100.0,10175,AllPub,NAmes,1964,2,0,3,2,576
172500,24.0,2645,AllPub,Somerst,1999,2,1,3,2,480
196500,89.0,11645,AllPub,CollgCr,2004,2,1,3,2,565
438780,66.0,13682,AllPub,StoneBr,2006,3,1,3,3,641
124900,60.0,7200,AllPub,CollgCr,1972,1,0,2,1,352
158000,63.0,13072,AllPub,SawyerW,2004,1,1,3,2,576
101000,60.0,7200,AllPub,IDOTRR,1920,1,0,3,1,288
202500,44.0,6442,AllPub,NridgHt,2006,2,0,2,2,484
140000,50.0,10300,AllPub,OldTown,1921,2,0,3,2,480
219500,,9375,AllPub,CollgCr,1997,2,1,3,2,645
317000,76.0,9591,AllPub,NridgHt,2004,2,1,4,3,852
180000,,19900,AllPub,NAmes,1970,2,0,3,2,576
226000,72.0,10665,AllPub,CollgCr,2003,2,0,3,2,558
80000,47.0,4608,AllPub,OldTown,1945,1,0,2,1,220
225000,81.0,15593,AllPub,ClearCr,1953,2,0,3,2,667
244000,95.0,13651,AllPub,NAmes,1973,2,0,3,2,516
129500,69.0,7599,AllPub,Mitchel,1982,1,0,2,2,360
185000,74.0,10141,AllPub,Gilbert,1998,2,1,3,2,427
144900,85.0,10200,AllPub,NAmes,1954,1,0,3,2,490
107400,60.0,5790,AllPub,OldTown,1915,2,0,3,1,379
91000,21.0,1596,AllPub,MeadowV,1973,1,0,2,1,297
135750,,8475,AllPub,NAmes,1956,1,0,2,1,283
127000,50.0,8635,AllPub,BrkSide,1948,1,0,2,1,240
136500,72.0,10778,AllPub,Sawyer,1968,2,0,4,0,0
110000,60.0,10440,AllPub,OldTown,1910,1,1,2,2,440
193500,100.0,13000,AllPub,NAmes,1968,2,1,4,1,509
153500,32.0,4500,AllPub,Mitchel,1998,2,0,2,2,405
245000,78.0,10206,AllPub,Somerst,2007,2,0,3,3,758
126500,80.0,8892,AllPub,NAmes,1960,1,1,3,2,461
168500,,8530,AllPub,Gilbert,1995,2,1,3,2,400
260000,121.0,16059,AllPub,NoRidge,1991,2,1,4,2,462
174000,122.0,11911,AllPub,Gilbert,2005,2,1,3,2,400
164500,40.0,3951,AllPub,Somerst,2009,2,1,2,2,528
85000,105.0,8470,AllPub,IDOTRR,1915,1,0,2,0,0
123600,60.0,8070,AllPub,CollgCr,1994,1,0,3,0,0
109900,60.0,7200,AllPub,NAmes,1950,1,0,2,2,420
98600,85.0,8500,AllPub,NAmes,1961,1,0,2,2,480
163500,80.0,13360,AllPub,Crawfor,1921,1,0,2,2,432
133900,60.0,7200,AllPub,OldTown,1910,2,0,4,2,506
204750,69.0,9337,AllPub,CollgCr,1997,2,1,3,2,684
185000,,9765,AllPub,Gilbert,1993,2,1,3,2,420
214000,78.0,10264,AllPub,CollgCr,1999,2,0,3,2,472
94750,73.0,10921,AllPub,Edwards,1965,1,0,3,1,432
83000,85.0,10625,AllPub,Edwards,1920,1,0,2,1,366
128950,77.0,9320,AllPub,NAmes,1959,1,1,3,0,0
205000,,10603,AllPub,NWAmes,1977,2,0,3,2,480
178000,77.0,9206,AllPub,SawyerW,1985,2,1,3,2,476
118964,64.0,7018,AllPub,SawyerW,1979,2,0,4,2,410
198900,94.0,10402,AllPub,CollgCr,2009,2,0,3,3,740
169500,,7758,AllPub,IDOTRR,1931,1,1,4,1,240
250000,75.0,9375,AllPub,Somerst,2003,2,1,3,2,648
100000,60.0,10800,AllPub,OldTown,1885,1,0,2,1,273
115000,50.0,6000,AllPub,OldTown,1948,1,0,2,1,250
115000,85.0,8500,AllPub,IDOTRR,1919,2,0,3,0,0
190000,105.0,11751,AllPub,NWAmes,1977,2,0,3,2,546
136900,75.0,9525,AllPub,Edwards,1954,2,0,4,1,325
180000,,7750,AllPub,Gilbert,2000,2,1,3,2,400
383970,77.0,9965,AllPub,CollgCr,2007,2,1,4,3,792
217000,,21000,AllPub,Crawfor,1953,2,0,3,2,450
259500,61.0,7259,AllPub,Crawfor,1945,2,1,3,1,180
176000,34.0,3230,AllPub,Somerst,1999,2,1,2,2,440
139000,,11616,AllPub,Sawyer,1962,1,0,3,1,288
155000,74.0,8536,AllPub,Edwards,2006,1,1,2,2,430
320000,90.0,12376,AllPub,SawyerW,1990,3,0,5,3,594
163990,65.0,8461,AllPub,CollgCr,2005,2,1,3,2,390
180000,,21453,AllPub,ClearCr,1969,1,0,1,2,540
100000,50.0,6060,AllPub,IDOTRR,1939,1,0,3,1,264
136000,75.0,9464,AllPub,NAmes,1958,1,0,3,1,288
153900,55.0,7892,AllPub,SawyerW,1993,2,0,2,2,530
181000,48.0,17043,AllPub,NWAmes,1979,2,0,3,2,435
84500,60.0,6780,AllPub,IDOTRR,1935,1,0,2,0,0
128000,,4928,AllPub,NPkVill,1976,2,0,2,2,440
87000,55.0,4388,AllPub,OldTown,1930,1,0,3,0,0
155000,69.0,7590,AllPub,NAmes,1966,1,1,3,2,453
150000,69.0,8973,AllPub,NAmes,1958,1,1,3,2,750
226000,88.0,14200,AllPub,NAmes,1966,2,1,4,2,487
244000,,12224,AllPub,Gilbert,2000,2,1,3,2,390
150750,75.0,7388,AllPub,NAmes,1959,1,0,3,2,624
220000,,6853,AllPub,Timber,2001,2,0,2,2,471
180000,78.0,10335,AllPub,Sawyer,1968,2,1,3,2,440
174000,80.0,10400,AllPub,NWAmes,1970,2,0,3,2,530
143000,,10355,AllPub,NAmes,1967,2,0,3,1,318
171000,82.0,11070,AllPub,Mitchel,1988,3,0,5,3,766
230000,73.0,9066,AllPub,CollgCr,1999,2,1,3,3,660
231500,65.0,15426,AllPub,CollgCr,1997,2,1,3,2,470
115000,70.0,10500,AllPub,NAmes,1971,1,0,3,0,0
260000,78.0,11645,AllPub,CollgCr,2005,2,0,3,2,660
166000,71.0,8520,AllPub,NAmes,1952,2,0,4,2,720
204000,78.0,10335,AllPub,CollgCr,1999,2,0,3,2,577
125000,70.0,9100,AllPub,Sawyer,1963,2,0,6,2,504
130000,24.0,2522,AllPub,Edwards,2004,2,0,3,2,380
105000,51.0,6120,AllPub,BrkSide,1931,1,0,2,1,180
222500,,9505,AllPub,Gilbert,2001,2,1,3,2,434
141000,63.0,7500,AllPub,SawyerW,2004,1,0,3,0,0
115000,,6240,AllPub,BrkSide,1936,1,0,3,1,240
122000,120.0,10356,AllPub,CollgCr,1975,1,1,3,2,440
372402,107.0,13891,AllPub,NridgHt,2007,2,0,2,3,866
190000,,14803,AllPub,NWAmes,1971,2,1,4,2,495
235000,,13500,AllPub,ClearCr,1960,1,0,1,2,564
125000,84.0,11340,AllPub,OldTown,1923,1,0,4,1,312
79000,60.0,9600,AllPub,Edwards,1924,1,0,2,0,0
109500,60.0,7200,AllPub,NAmes,1950,1,0,2,2,625
269500,92.0,12003,AllPub,Timber,2009,2,1,4,3,680
254900,100.0,12552,AllPub,Somerst,2004,2,1,3,2,678
320000,134.0,19378,AllPub,Gilbert,2005,2,1,4,2,576
162500,,11120,AllPub,Veenker,1984,2,0,3,2,516
412500,110.0,13688,AllPub,NridgHt,2003,2,1,3,3,726
220000,95.0,12182,AllPub,NridgHt,2005,2,0,3,2,532
103200,55.0,5500,AllPub,OldTown,1956,1,0,1,0,0
152000,40.0,5400,AllPub,OldTown,1926,2,0,3,1,216
127500,62.0,10106,AllPub,Edwards,1940,2,0,4,0,0
190000,,10708,AllPub,ClearCr,1955,1,0,2,1,303
325624,86.0,10562,AllPub,NridgHt,2007,1,1,3,3,789
183500,62.0,8244,AllPub,Gilbert,2004,2,1,3,2,440
228000,,16669,AllPub,Timber,1981,2,1,2,2,511
128500,,12358,AllPub,OldTown,1941,1,1,2,2,660
215000,141.0,31770,AllPub,NAmes,1960,1,0,3,2,528
239000,44.0,5306,AllPub,StoneBr,1987,2,0,2,2,504
163000,80.0,10197,AllPub,NAmes,1961,1,1,3,2,504
184000,47.0,12416,AllPub,Timber,1986,2,0,3,2,616
243000,84.0,12615,AllPub,Edwards,1950,2,0,4,2,576
211000,97.0,10029,AllPub,ClearCr,1988,2,1,4,2,521
172500,,13650,AllPub,Sawyer,1958,2,0,4,2,451
501837,63.0,17423,AllPub,StoneBr,2008,2,0,1,3,1166
100000,60.0,8520,AllPub,OldTown,1923,1,0,2,2,480
177000,,2117,AllPub,Somerst,2000,2,1,3,2,440
200100,54.0,7588,AllPub,Crawfor,1920,1,1,4,1,216
120000,60.0,9060,AllPub,Edwards,1957,1,0,3,1,252
200000,63.0,11426,AllPub,OldTown,2003,2,1,3,2,484
127000,92.0,7438,AllPub,BrkSide,1908,1,0,3,2,576
475000,90.0,22950,AllPub,OldTown,1892,2,1,4,3,840
173000,,9947,AllPub,Mitchel,1990,2,0,3,2,497
135000,60.0,10410,AllPub,OldTown,1916,2,1,3,1,180
153337,64.0,7018,AllPub,SawyerW,1979,0,2,2,2,528
286000,41.0,4923,AllPub,StoneBr,2001,1,1,0,2,682
315000,70.0,10570,AllPub,Crawfor,1932,2,1,3,2,440
184000,,7472,AllPub,NAmes,1972,1,1,4,2,484
192000,68.0,9017,AllPub,CollgCr,1999,2,0,3,2,666
130000,24.0,2522,AllPub,Edwards,2004,2,0,3,2,380
127000,60.0,7180,AllPub,CollgCr,1972,1,0,3,1,352
148500,24.0,2280,AllPub,NPkVill,1976,2,1,3,2,440
311872,79.0,9416,AllPub,Somerst,2007,2,0,3,3,786
235000,174.0,25419,AllPub,NAmes,1918,2,0,4,2,795
104000,92.0,5520,AllPub,OldTown,1912,1,0,5,0,0
274900,76.0,9591,AllPub,NridgHt,2004,2,0,3,3,856
140000,80.0,8546,AllPub,Edwards,2003,2,0,2,2,440
171500,75.0,10125,AllPub,Mitchel,1977,2,0,3,2,473
112000,50.0,7000,AllPub,OldTown,1924,2,0,2,1,398
149000,,4438,AllPub,CollgCr,2004,1,0,1,2,420
110000,50.0,3500,AllPub,OldTown,1947,1,1,2,1,240
180500,99.0,11851,AllPub,Gilbert,1990,2,0,3,2,500
143900,40.0,13673,AllPub,Sawyer,1962,1,1,3,1,349
141000,,12493,AllPub,NAmes,1960,1,0,3,1,312
277000,,14364,AllPub,SawyerW,1988,2,1,3,2,454
145000,75.0,8250,AllPub,NAmes,1964,1,0,3,2,504
98000,67.0,5604,AllPub,Edwards,1925,1,0,2,0,0
186000,83.0,10420,AllPub,Edwards,2009,2,0,3,2,460
252678,72.0,8640,AllPub,Somerst,2009,2,1,3,2,644
156000,43.0,13568,AllPub,CollgCr,1995,1,0,3,2,576
161750,,10900,AllPub,CollgCr,1977,1,1,3,1,299
134450,72.0,10011,AllPub,NAmes,1957,1,0,2,1,447
210000,65.0,8450,AllPub,CollgCr,2004,2,0,3,2,484
107000,57.0,9906,AllPub,OldTown,1925,1,0,3,1,210
311500,,15660,AllPub,Crawfor,1939,1,1,3,2,431
167240,43.0,3010,AllPub,Blmngtn,2005,2,0,2,2,438
204900,73.0,8990,AllPub,CollgCr,2006,2,0,2,2,675
200000,,8068,AllPub,Gilbert,2002,2,1,4,2,390
179900,85.0,11475,AllPub,NWAmes,1975,2,1,3,2,434
97000,70.0,10500,AllPub,NAmes,1971,1,0,2,2,576
386250,103.0,13472,AllPub,NridgHt,2003,2,0,3,3,968
112000,21.0,1680,AllPub,BrDale,1971,2,1,3,1,280
290000,82.0,9950,AllPub,NoRidge,1995,2,1,4,3,721
106000,21.0,1869,AllPub,BrDale,1970,1,1,2,1,280
125000,70.0,8521,AllPub,Sawyer,1967,1,0,3,1,336
192500,43.0,3182,AllPub,Blmngtn,2005,2,0,2,2,430
148000,73.0,8760,AllPub,NAmes,1959,1,0,3,1,312
403000,174.0,15138,AllPub,NoRidge,1995,2,1,4,3,810
94500,21.0,1680,AllPub,BrDale,1972,1,1,2,1,288
128200,75.0,10650,AllPub,CollgCr,1976,1,0,3,1,308
216500,,7851,AllPub,Gilbert,2002,2,1,4,2,440
89500,21.0,1680,AllPub,BrDale,1971,1,1,2,1,264
185500,65.0,8773,AllPub,CollgCr,2004,2,0,3,2,494
194500,,9453,AllPub,SawyerW,1993,2,1,3,2,457
318000,93.0,12030,AllPub,NridgHt,2007,2,0,3,3,818
113000,52.0,8741,AllPub,Edwards,1945,1,1,3,1,220
262500,75.0,9000,AllPub,Somerst,2008,2,0,3,2,750
110500,40.0,3880,AllPub,OldTown,1945,1,0,2,0,0
79000,63.0,5000,AllPub,OldTown,1900,1,0,3,1,352
120000,75.0,10762,AllPub,SawyerW,1980,1,1,3,1,288
205000,,8880,AllPub,SawyerW,1994,2,1,3,2,463
241500,80.0,10400,AllPub,NWAmes,1988,2,0,3,2,604
137000,69.0,9142,AllPub,OldTown,1910,2,0,4,1,440
140000,75.0,11310,AllPub,NAmes,1954,1,0,2,2,451
180000,72.0,11317,AllPub,CollgCr,2003,2,1,3,2,500
277000,,159000,AllPub,ClearCr,1958,2,0,4,2,389
76500,55.0,5350,AllPub,BrkSide,1940,1,0,3,0,0
235000,44.0,4750,AllPub,Crawfor,2006,2,0,2,2,538
173000,65.0,8366,AllPub,SawyerW,2004,2,1,3,2,520
158000,85.0,9350,AllPub,NAmes,1964,2,0,3,1,309
145000,70.0,8400,AllPub,NAmes,1957,1,0,3,1,294
230000,66.0,8738,AllPub,Gilbert,1999,2,1,4,2,429
207500,64.0,8791,AllPub,Somerst,2003,2,1,3,2,673
220000,68.0,8814,AllPub,CollgCr,2006,2,1,3,2,660
231500,80.0,12435,AllPub,CollgCr,2001,2,1,3,2,564
97000,70.0,12702,AllPub,OldTown,1956,1,0,2,1,308
176000,120.0,19296,AllPub,NAmes,1962,1,0,3,2,884
276000,69.0,9588,AllPub,CollgCr,2007,2,1,3,3,868
151000,88.0,8471,AllPub,Sawyer,1977,1,0,3,2,492
130000,50.0,5500,AllPub,OldTown,1929,1,0,3,2,484
73000,30.0,5232,AllPub,OldTown,1925,1,0,2,2,504
175500,78.0,12090,AllPub,NWAmes,1981,2,0,3,2,576
185000,70.0,11207,AllPub,Gilbert,1997,2,1,3,2,413
179500,60.0,8400,AllPub,SWISU,1939,2,1,4,1,240
120500,71.0,6900,AllPub,IDOTRR,1940,1,0,2,1,924
148000,,7917,AllPub,Edwards,1976,1,1,3,1,504
266000,84.0,10728,AllPub,Somerst,2006,2,1,3,3,1053
241500,73.0,39104,AllPub,ClearCr,1954,1,0,2,2,439
290000,92.0,11764,AllPub,NoRidge,1999,2,1,4,3,671
139000,80.0,9600,AllPub,NAmes,1958,2,0,3,1,338
124500,76.0,8314,AllPub,Mitchel,1982,1,0,2,1,264
205000,55.0,7264,AllPub,BrkSide,1925,2,1,3,2,672
201000,129.0,9196,AllPub,Mitchel,2003,2,0,3,2,573
141000,140.0,19138,AllPub,Gilbert,1951,1,0,2,2,400
415298,107.0,14450,AllPub,NridgHt,2006,2,1,3,3,732
192000,83.0,10005,AllPub,ClearCr,1977,2,1,4,2,505
228500,82.0,11287,AllPub,SawyerW,1989,2,1,3,2,575
185000,60.0,7200,AllPub,Somerst,2006,2,0,2,2,572
207500,34.0,5063,AllPub,NridgHt,2007,2,0,2,2,626
244600,74.0,9612,AllPub,Somerst,2008,2,0,3,3,898
179200,50.0,8012,AllPub,SawyerW,1992,2,0,2,2,529
164700,35.0,4251,AllPub,Somerst,2006,2,1,2,2,528
159000,77.0,9786,AllPub,NAmes,1962,1,1,3,2,440
88000,,8125,AllPub,NAmes,1971,1,0,3,0,0
122000,,9819,AllPub,Sawyer,1967,1,0,3,1,280
153575,60.0,8730,AllPub,BrkSide,1915,1,0,3,1,384
233230,120.0,15611,AllPub,CollgCr,2006,2,1,3,2,685
135900,55.0,5687,AllPub,SWISU,1912,2,0,6,0,0
131000,60.0,11409,AllPub,Edwards,1949,1,1,3,1,281
235000,,16659,AllPub,NWAmes,1977,2,1,3,2,539
167000,80.0,9600,AllPub,NAmes,1953,1,0,3,2,418
142500,37.0,7937,AllPub,Mitchel,1984,1,0,3,2,588
152000,75.0,13710,AllPub,IDOTRR,1950,1,1,4,1,282
239000,66.0,7399,AllPub,Somerst,1997,2,1,3,2,576
175000,90.0,11700,AllPub,NWAmes,1968,1,2,3,2,539
158500,80.0,14000,AllPub,Crawfor,1950,1,0,3,1,300
157000,90.0,15750,AllPub,Crawfor,1953,1,0,2,1,375
267000,66.0,16226,AllPub,CollgCr,1998,2,1,4,2,683
205000,118.0,13704,AllPub,CollgCr,2001,2,0,3,3,843
149900,70.0,9800,AllPub,CollgCr,1972,1,0,3,2,552
295000,87.0,18386,AllPub,OldTown,1880,3,0,3,3,870
305900,80.0,10386,AllPub,CollgCr,2004,2,0,3,3,888
225000,116.0,13474,AllPub,SawyerW,1990,2,1,4,3,746
89500,,7920,AllPub,IDOTRR,1920,1,0,3,0,0
82500,,12342,AllPub,Edwards,1940,1,0,1,2,539
360000,90.0,12378,AllPub,NridgHt,2003,2,0,3,3,708
165600,,7685,AllPub,Gilbert,1993,2,1,3,2,420
132000,50.0,8000,AllPub,NAmes,1948,1,0,2,1,240
119900,65.0,7800,AllPub,OldTown,1939,1,0,3,2,410
375000,150.0,215245,AllPub,Timber,1965,2,0,3,2,513
178000,60.0,9600,AllPub,OldTown,1925,1,1,3,2,546
188500,71.0,7795,AllPub,Gilbert,2004,2,1,3,2,432
260000,94.0,13005,AllPub,NWAmes,1980,2,1,4,2,484
270000,75.0,9000,AllPub,Somerst,2006,2,1,3,3,1025
260000,90.0,9900,AllPub,NoRidge,1993,2,1,4,3,656
187500,,14115,AllPub,NWAmes,1980,2,0,3,2,588
342643,111.0,16259,AllPub,NridgHt,2006,3,1,4,3,840
354000,99.0,12099,AllPub,NridgHt,2004,2,1,4,3,872
301000,86.0,10380,AllPub,SawyerW,1986,2,1,4,2,576
126175,49.0,5820,AllPub,OldTown,1955,1,0,3,1,220
242000,96.0,11275,AllPub,NAmes,1967,2,1,5,2,564
87000,50.0,5000,AllPub,IDOTRR,1941,1,0,2,2,360
324000,32.0,10846,AllPub,Veenker,1993,1,1,1,2,473
145250,80.0,11600,AllPub,NAmes,1960,1,1,3,1,292
214500,,11888,AllPub,BrkSide,1916,2,0,5,2,441
78000,60.0,6402,AllPub,IDOTRR,1920,1,0,3,1,189
119000,,10624,AllPub,NAmes,1964,2,0,6,1,352
139000,70.0,8176,AllPub,NAmes,1958,1,0,3,1,308
284000,85.0,10655,AllPub,NridgHt,2003,2,0,3,3,880
207000,59.0,8198,AllPub,NridgHt,2004,2,0,2,2,484
192000,59.0,9042,AllPub,Gilbert,1998,2,1,3,2,472
228950,,164660,AllPub,Timber,1965,2,0,3,2,529
377426,86.0,14157,AllPub,StoneBr,2005,2,0,3,3,676
214000,70.0,9135,AllPub,CollgCr,2002,2,0,3,2,532
202500,91.0,14145,AllPub,NWAmes,1984,2,0,3,2,440
155000,66.0,12400,AllPub,NAmes,1958,1,0,3,1,297
202900,85.0,14191,AllPub,Timber,2002,2,1,4,2,431
82000,60.0,8400,AllPub,SawyerW,1950,1,0,2,1,294
87500,,8544,AllPub,NAmes,1949,2,0,2,2,400
266000,63.0,8849,AllPub,NridgHt,2005,2,0,2,2,564
85000,36.0,2592,AllPub,MeadowV,1976,1,1,3,1,336
140200,65.0,6435,AllPub,BrkSide,1939,1,0,3,1,312
151500,,12772,AllPub,NAmes,1960,1,0,2,1,301
157500,,17600,AllPub,NAmes,1960,2,0,3,2,498
154000,36.0,2448,AllPub,NridgHt,2003,2,1,2,2,474
437154,56.0,20431,AllPub,NridgHt,2005,2,1,4,3,706
318061,68.0,7820,AllPub,NridgHt,2007,2,0,2,2,617
190000,,5271,AllPub,ClearCr,1986,1,1,2,2,445
95000,60.0,9084,AllPub,Edwards,1941,1,0,3,1,200
105900,60.0,8520,AllPub,OldTown,1928,1,0,2,2,484
140000,60.0,8400,AllPub,SWISU,1940,1,0,2,1,240
177500,105.0,11249,AllPub,CollgCr,1995,2,0,3,2,521
173000,,9248,AllPub,Gilbert,1992,2,0,3,2,400
134000,44.0,4224,AllPub,MeadowV,1976,1,1,3,2,528
130000,92.0,6930,AllPub,ClearCr,1958,1,0,3,1,288
280000,78.0,12011,AllPub,NoRidge,1998,2,1,3,2,592
156000,,7540,AllPub,Mitchel,1978,1,0,2,2,470
145000,,9144,AllPub,BrkSide,1940,1,0,3,1,240
198500,64.0,7301,AllPub,Edwards,2003,3,0,4,2,672
118000,21.0,1680,AllPub,BrDale,1972,1,1,2,1,264
190000,,18800,AllPub,NWAmes,1976,2,1,3,2,566
147000,59.0,10690,AllPub,IDOTRR,1920,1,0,3,1,468
159000,,9500,AllPub,NAmes,1963,1,1,3,2,514
165000,101.0,9150,AllPub,NAmes,1962,1,0,3,1,296
132000,78.0,7800,AllPub,NAmes,1954,1,0,2,1,244
162000,,9830,AllPub,NAmes,1959,1,0,3,2,576
172400,,8121,AllPub,Gilbert,2000,2,1,3,2,460
134432,80.0,17120,AllPub,ClearCr,1959,2,0,4,2,680
125000,50.0,7175,AllPub,SawyerW,1984,1,0,2,1,264
123000,79.0,10634,AllPub,NAmes,1953,1,0,3,1,270
219500,65.0,8200,AllPub,CollgCr,2003,2,1,4,2,434
61000,,10020,AllPub,Edwards,1922,0,1,1,0,0
148000,57.0,8846,AllPub,CollgCr,1996,1,0,2,2,576
340000,102.0,11143,AllPub,Somerst,2004,3,0,4,2,610
394432,88.0,11394,AllPub,StoneBr,2010,1,1,1,3,834
179000,60.0,8123,AllPub,Gilbert,2000,2,1,3,2,463
127000,50.0,5000,AllPub,SWISU,1924,2,0,3,1,308
187750,60.0,7200,AllPub,Somerst,2006,2,0,2,2,572
213500,79.0,9245,AllPub,CollgCr,2006,2,1,3,2,639
76000,60.0,9000,AllPub,SawyerW,1928,1,0,2,2,360
240000,,53107,AllPub,ClearCr,1992,2,1,3,2,501
192000,43.0,3182,AllPub,Blmngtn,2004,2,0,2,2,430
81000,58.0,8410,AllPub,Edwards,1910,1,0,5,0,0
125000,72.0,7200,AllPub,Edwards,1976,1,0,3,1,352
191000,93.0,9382,AllPub,CollgCr,1999,2,0,3,2,577
426000,96.0,12474,AllPub,NridgHt,2007,2,1,3,3,846
119000,50.0,8405,AllPub,Edwards,1900,1,0,4,1,384
215000,71.0,12209,AllPub,Mitchel,2001,2,1,3,2,560
106500,,8339,AllPub,NAmes,1959,1,0,3,1,294
100000,,7446,AllPub,BrkSide,1941,1,0,2,0,0
109000,60.0,10134,AllPub,OldTown,1940,1,0,2,1,240
129000,68.0,9571,AllPub,Edwards,1956,1,0,3,1,596
123000,60.0,7200,AllPub,CollgCr,1972,1,0,2,2,600
169500,69.0,7590,AllPub,NAmes,1962,2,0,4,1,264
67000,60.0,8967,AllPub,IDOTRR,1920,1,0,2,1,338
241000,65.0,8125,AllPub,Somerst,2006,2,0,2,2,438
245500,38.0,14963,AllPub,Veenker,1996,1,1,1,2,500
164990,65.0,8767,AllPub,CollgCr,2005,2,0,3,2,400
108000,60.0,10200,AllPub,Sawyer,1940,1,0,2,1,240
258000,93.0,12090,AllPub,NoRidge,1998,2,1,4,2,420
168000,,10364,AllPub,Gilbert,1995,2,1,3,2,373
150000,,9991,AllPub,Sawyer,1976,2,0,3,2,490
115000,51.0,10480,AllPub,SWISU,1936,1,0,3,1,240
177000,63.0,15576,AllPub,Crawfor,1915,2,0,4,1,308
280000,109.0,14154,AllPub,NridgHt,2006,2,1,3,3,947
339750,85.0,10800,AllPub,Somerst,2007,2,1,3,3,836
60000,68.0,9571,AllPub,Edwards,1958,1,0,3,1,350
145000,100.0,34650,AllPub,Gilbert,1955,1,0,3,2,572
222000,,4403,AllPub,Somerst,2009,2,1,2,2,484
115000,56.0,8960,AllPub,OldTown,1927,1,0,2,2,360
228000,59.0,11228,AllPub,SawyerW,1993,2,1,3,3,678
181134,73.0,8899,AllPub,Gilbert,2007,2,0,3,2,396
149500,74.0,7844,AllPub,Sawyer,1978,1,1,3,2,440
239000,86.0,22420,AllPub,Crawfor,1918,2,1,4,3,864
126000,60.0,8160,AllPub,Edwards,1940,1,1,3,1,240
142000,65.0,8450,AllPub,NAmes,1968,1,0,3,1,304
206300,78.0,7060,AllPub,Mitchel,1997,2,0,2,4,784
215000,,16635,AllPub,NWAmes,1977,2,0,3,2,529
113000,100.0,21750,AllPub,Mitchel,1954,1,0,2,2,520
315000,80.0,9200,AllPub,NoRidge,1998,2,1,4,3,696
139000,72.0,9000,AllPub,NAmes,1956,1,0,2,1,297
135000,60.0,3378,AllPub,OldTown,1946,1,1,3,1,240
275000,,12800,AllPub,SawyerW,1989,2,0,2,2,569
109008,77.0,8593,AllPub,NAmes,1957,1,0,3,1,352
195400,64.0,6762,AllPub,CollgCr,2007,2,0,2,2,628
175000,130.0,11457,AllPub,Timber,1988,2,0,3,2,576
85400,21.0,1680,AllPub,BrDale,1971,1,1,2,1,264
79900,60.0,5586,AllPub,OldTown,1920,1,0,4,0,0
122500,24.0,1920,AllPub,BrDale,1971,1,1,2,2,440
181000,100.0,10839,AllPub,Gilbert,1997,2,1,3,2,470
81000,21.0,1890,AllPub,MeadowV,1972,1,0,1,0,0
212000,43.0,10667,AllPub,CollgCr,1996,2,1,3,2,550
116000,40.0,4400,AllPub,OldTown,1920,1,0,2,2,440
119000,50.0,6000,AllPub,BrkSide,1926,1,0,2,1,180
90350,40.0,4280,AllPub,Crawfor,1913,1,0,2,1,352
110000,67.0,12354,AllPub,Edwards,1920,1,0,3,2,528
555000,105.0,15431,AllPub,NridgHt,2008,2,0,2,3,672
118000,92.0,12108,AllPub,Edwards,1955,2,0,4,0,0
162900,52.0,6240,AllPub,BrkSide,1930,2,0,3,2,360
172500,53.0,3922,AllPub,Blmngtn,2006,2,0,2,3,648
210000,70.0,8750,AllPub,CollgCr,1994,2,1,4,2,493
127500,73.0,9855,AllPub,Edwards,1956,1,0,3,2,480
190000,137.0,16492,AllPub,NAmes,1966,2,1,2,2,578
199900,,11214,AllPub,Gilbert,1998,2,1,4,2,431
119500,50.0,8600,AllPub,IDOTRR,1937,2,0,3,1,198
120000,50.0,6000,AllPub,OldTown,1948,1,1,2,1,308
110000,70.0,5684,AllPub,OldTown,1930,1,0,2,1,270
280000,62.0,70761,AllPub,ClearCr,1975,2,0,2,2,576
204000,,9303,AllPub,Timber,1996,2,1,3,2,422
210000,75.0,9000,AllPub,Somerst,2008,2,1,3,2,676
188000,63.0,9297,AllPub,Mitchel,1976,2,0,4,2,560
175500,80.0,9600,AllPub,NWAmes,1973,1,1,3,2,528
98000,34.0,4571,AllPub,OldTown,1916,1,0,4,3,513
256000,,53227,AllPub,ClearCr,1954,1,0,2,2,529
161000,,5100,AllPub,OldTown,1925,1,0,3,1,228
110000,,7015,AllPub,BrkSide,1950,1,0,3,1,352
263435,75.0,8004,AllPub,Somerst,2009,2,1,3,2,552
155000,60.0,7200,AllPub,SWISU,1936,1,0,3,2,576
62383,60.0,8281,AllPub,Sawyer,1965,1,0,3,1,360
188700,74.0,11988,AllPub,Crawfor,1934,1,1,3,1,240
124000,60.0,8430,AllPub,CollgCr,1978,2,0,3,0,0
178740,,3072,AllPub,Blmngtn,2004,2,0,2,2,398
167000,85.0,10628,AllPub,NAmes,1970,1,0,2,2,526
146500,79.0,9480,AllPub,NAmes,1942,1,1,3,1,312
250000,98.0,11428,AllPub,NridgHt,2006,2,0,3,3,866
187000,76.0,9291,AllPub,SawyerW,1993,2,1,3,2,506
212000,,6820,AllPub,StoneBr,1985,1,1,1,2,528
190000,92.0,11952,AllPub,NWAmes,1977,2,1,3,2,534
148000,35.0,3675,AllPub,Edwards,2005,1,0,2,2,525
440000,110.0,14977,AllPub,NridgHt,2006,2,0,2,3,908
251000,41.0,5330,AllPub,StoneBr,2000,2,0,2,2,499
132500,80.0,8480,AllPub,Sawyer,1963,1,0,2,2,624
208900,75.0,13125,AllPub,CollgCr,1997,2,0,3,2,508
380000,105.0,13693,AllPub,NridgHt,2006,2,1,3,3,694
297000,79.0,10637,AllPub,CollgCr,2007,2,0,3,3,826
89471,50.0,5925,AllPub,OldTown,1937,1,0,2,2,672
326000,98.0,16033,AllPub,NridgHt,2004,2,0,3,3,772
374000,72.0,11846,AllPub,NridgHt,2003,2,0,2,3,874
155000,50.0,2500,AllPub,OldTown,1915,1,1,4,1,164
164000,32.0,4500,AllPub,Mitchel,1998,2,0,2,2,402
132500,,7758,AllPub,Sawyer,1962,1,0,3,1,264
147000,80.0,9600,AllPub,NAmes,1950,1,0,3,1,264
156000,79.0,10289,AllPub,NAmes,1965,1,1,3,2,515
175000,70.0,12243,AllPub,NWAmes,1971,2,0,3,2,487
160000,60.0,10800,AllPub,OldTown,1900,2,0,3,2,520
86000,21.0,1526,AllPub,MeadowV,1970,1,0,1,1,286
115000,,2665,AllPub,MeadowV,1976,1,1,3,1,336
133000,79.0,9490,AllPub,NAmes,1941,1,0,3,1,240
172785,105.0,15578,AllPub,Gilbert,2006,2,1,3,2,429
155000,70.0,7931,AllPub,NAmes,1960,1,1,3,1,308
91300,50.0,5784,AllPub,OldTown,1938,1,0,2,1,273
34900,60.0,7879,AllPub,IDOTRR,1920,1,0,2,0,0
430000,,12692,AllPub,NoRidge,1992,3,0,4,2,546
184000,60.0,9120,AllPub,BrkSide,1925,2,0,4,1,240
130000,65.0,7800,AllPub,Sawyer,1967,1,0,3,1,288
120000,70.0,7535,AllPub,NAmes,1958,1,0,2,1,297
113000,21.0,1890,AllPub,BrDale,1973,1,1,3,1,264
226700,75.0,9803,AllPub,Somerst,2005,2,1,3,2,603
140000,70.0,9170,AllPub,Edwards,1965,1,0,2,2,461
289000,100.0,15602,AllPub,Crawfor,1959,2,0,1,2,484
147000,24.0,2308,AllPub,NPkVill,1974,2,1,3,2,440
124500,60.0,7596,AllPub,OldTown,1952,2,0,4,2,400
215000,80.0,9554,AllPub,SawyerW,1993,2,1,3,2,471
208300,75.0,7862,AllPub,Somerst,2009,2,0,2,2,676
161000,60.0,9600,AllPub,OldTown,1928,2,0,3,2,360
124500,80.0,9600,AllPub,NAmes,1959,1,0,3,1,270
164900,75.0,14559,AllPub,NAmes,1951,1,0,2,1,288
202665,40.0,6792,AllPub,NridgHt,2005,2,0,2,2,474
129900,70.0,9100,AllPub,NAmes,1958,1,0,3,2,624
134000,71.0,9187,AllPub,Mitchel,1983,1,1,3,2,484
96500,55.0,10594,AllPub,Crawfor,1926,1,0,2,1,200
402861,94.0,12220,AllPub,NridgHt,2009,2,1,3,3,900
158000,,10448,AllPub,NWAmes,1972,2,1,3,2,583
265000,79.0,10208,AllPub,NoRidge,1996,2,1,3,3,889
211000,,9531,AllPub,CollgCr,1998,2,1,3,2,546
234000,53.0,10918,AllPub,Crawfor,1926,1,1,3,1,282
106250,60.0,10800,AllPub,OldTown,1900,2,0,3,0,0
150000,90.0,11988,AllPub,NAmes,1957,1,1,3,1,336
159000,50.0,5000,AllPub,BrkSide,1947,2,0,3,2,420
184750,130.0,40094,AllPub,Edwards,2007,3,1,3,3,884
315750,95.0,11787,AllPub,NoRidge,1996,2,1,3,3,834
176000,62.0,7500,AllPub,Somerst,2005,2,0,3,2,453
132000,70.0,13300,AllPub,NAmes,1956,1,0,2,1,252
446261,67.0,14948,AllPub,NridgHt,2008,2,1,3,3,858
86000,58.0,9098,AllPub,Edwards,1920,1,0,2,0,0
200624,,32668,AllPub,Crawfor,1957,3,0,4,2,484
175000,85.0,10200,AllPub,Timber,1988,2,0,3,2,600
128000,60.0,6155,AllPub,BrkSide,1920,2,0,3,2,502
107500,60.0,7200,AllPub,NAmes,1955,1,0,2,1,392
39300,50.0,5000,AllPub,BrkSide,1946,1,0,1,0,0
178000,74.0,9056,AllPub,Gilbert,2004,2,1,3,2,403
107500,70.0,7000,AllPub,Edwards,1910,1,0,3,0,0
188000,57.0,8924,AllPub,CollgCr,1998,2,1,3,2,527
111250,,12735,AllPub,NAmes,1972,1,0,3,2,576
158000,,11553,AllPub,Sawyer,1968,1,1,3,1,336
272000,,11423,AllPub,CollgCr,2001,2,0,3,2,670
315000,85.0,14601,AllPub,Timber,2006,2,0,2,3,765
248000,,11000,AllPub,NoRidge,2000,2,1,4,3,648
213250,78.0,10140,AllPub,NWAmes,1998,2,0,3,2,583
133000,34.0,4058,AllPub,NAmes,1998,1,0,1,1,367
179665,58.0,17104,AllPub,Gilbert,2006,2,1,3,2,426
229000,,13837,AllPub,NWAmes,1988,2,1,4,3,786
210000,70.0,8737,AllPub,BrkSide,1923,1,1,3,2,440
129500,54.0,7244,AllPub,Mitchel,1970,1,0,2,2,624
125000,49.0,8235,AllPub,OldTown,1955,1,0,2,2,720
263000,75.0,9375,AllPub,Somerst,2003,2,1,4,2,615
140000,53.0,4043,AllPub,NPkVill,1977,2,0,2,2,440
112500,50.0,6000,AllPub,OldTown,1957,1,0,3,1,288
255500,87.0,11146,AllPub,NridgHt,2006,2,0,3,3,908
108000,67.0,8777,AllPub,Edwards,1949,2,0,2,2,520
284000,85.0,10625,AllPub,NridgHt,2003,2,1,3,3,871
113000,58.0,6380,AllPub,BrkSide,1922,1,0,2,1,280
141000,69.0,14850,AllPub,NAmes,1957,1,0,2,1,299
108000,60.0,11040,AllPub,IDOTRR,1920,1,1,3,1,570
175000,57.0,21872,AllPub,Gilbert,1996,2,1,3,2,406
234000,,3196,AllPub,Blmngtn,2003,2,0,2,2,420
121500,,11341,AllPub,Sawyer,1957,1,1,3,2,528
170000,77.0,10010,AllPub,Mitchel,1974,1,0,2,2,418
108000,63.0,13907,AllPub,Edwards,1940,1,0,3,0,0
185000,66.0,21780,AllPub,Edwards,1918,2,0,4,2,396
268000,,13346,AllPub,NoRidge,1992,2,1,4,2,590
128000,66.0,6858,AllPub,SWISU,1915,1,1,4,1,216
325000,77.0,11198,AllPub,StoneBr,2005,2,1,4,3,656
214000,70.0,10171,AllPub,NridgHt,2004,2,0,3,2,532
316600,79.0,12327,AllPub,SawyerW,1983,1,1,1,2,612
135960,,7032,AllPub,NAmes,1979,1,0,2,2,600
142600,74.0,13101,AllPub,NAmes,1965,2,0,6,2,576
120000,60.0,7332,AllPub,NAmes,1959,1,0,2,1,288
224500,83.0,13159,AllPub,Timber,2009,2,1,3,2,650
170000,76.0,9967,AllPub,Gilbert,2000,2,1,3,2,400
139000,70.0,10500,AllPub,NAmes,1971,1,0,3,1,288
118500,80.0,8480,AllPub,NAmes,1947,1,0,2,1,336
145000,52.0,6292,AllPub,SWISU,1928,2,0,3,1,216
164500,96.0,11777,AllPub,Sawyer,1966,1,0,3,2,564
146000,34.0,3604,AllPub,Somerst,2007,2,0,2,2,540
131500,81.0,12150,AllPub,OldTown,1954,2,0,4,1,352
181900,,14585,AllPub,NAmes,1960,1,0,3,2,572
253293,98.0,12704,AllPub,NridgHt,2008,2,1,3,3,1390
118500,81.0,11841,AllPub,Edwards,1990,1,0,3,0,0
325000,75.0,13500,AllPub,OldTown,1893,3,1,3,2,880
133000,51.0,6120,AllPub,BrkSide,1935,1,0,3,1,240
369900,88.0,11443,AllPub,Timber,2005,2,0,2,3,880
130000,55.0,10267,AllPub,BrkSide,1918,1,0,2,1,275
137000,74.0,8740,AllPub,Sawyer,1982,1,0,2,2,528
143000,65.0,25095,AllPub,ClearCr,1968,1,0,1,1,452
79500,50.0,9100,AllPub,BrkSide,1930,1,0,2,1,308
185900,64.0,8320,AllPub,CollgCr,2004,2,1,3,2,520
451950,97.0,13478,AllPub,NridgHt,2008,2,1,3,3,842
138000,60.0,6600,AllPub,Mitchel,1982,1,0,2,2,816
140000,,4435,AllPub,CollgCr,2003,1,0,1,2,420
110000,88.0,7990,AllPub,CollgCr,1975,1,0,3,1,280
319000,69.0,11302,AllPub,StoneBr,2005,2,0,3,3,758
114504,60.0,3600,AllPub,OldTown,1910,1,0,3,1,216
194201,53.0,3922,AllPub,Blmngtn,2006,0,2,2,3,648
217500,80.0,12984,AllPub,Crawfor,1977,2,0,3,2,621
151000,24.0,1950,AllPub,Blueste,1980,2,1,3,2,452
275000,74.0,10927,AllPub,NridgHt,2005,2,1,3,2,736
141000,50.0,9000,AllPub,IDOTRR,1937,1,1,3,1,544
220000,80.0,10041,AllPub,SawyerW,1992,2,1,3,2,506
151000,30.0,3182,AllPub,Somerst,2004,2,1,2,2,480
221000,88.0,12803,AllPub,CollgCr,2002,2,0,3,2,530
205000,85.0,13600,AllPub,NAmes,1965,2,1,3,2,486
152000,82.0,12464,AllPub,CollgCr,1996,1,0,3,2,576
225000,78.0,7800,AllPub,Edwards,1948,3,0,3,1,230
359100,78.0,12168,AllPub,Crawfor,1934,2,1,4,2,380
118500,61.0,7943,AllPub,Sawyer,1961,1,0,3,1,261
313000,,11050,AllPub,CollgCr,2000,2,1,3,3,736
148000,,10395,AllPub,NWAmes,1978,2,0,3,2,564
261500,,11885,AllPub,CollgCr,2001,2,1,3,2,531
147000,70.0,8402,AllPub,Mitchel,2007,1,0,3,0,0
75500,21.0,1491,AllPub,MeadowV,1972,1,0,1,0,0
137500,80.0,8800,AllPub,NAmes,1963,1,0,3,2,480
183200,,7861,AllPub,Gilbert,2002,2,1,3,2,393
105500,59.0,7227,AllPub,NAmes,1954,1,0,2,2,528
314813,90.0,11694,AllPub,NridgHt,2007,2,0,3,3,774
305000,85.0,12244,AllPub,Timber,2003,2,1,4,3,749
67000,45.0,8248,AllPub,Edwards,1914,1,0,2,0,0
240000,90.0,10800,AllPub,NWAmes,1974,2,1,4,2,624
135000,71.0,7064,AllPub,Sawyer,1977,1,0,3,2,484
168500,,2117,AllPub,Somerst,2000,2,1,2,2,440
165150,80.0,10400,AllPub,NWAmes,1972,1,2,4,2,484
160000,87.0,10000,AllPub,NAmes,1962,1,1,3,2,440
139900,,12342,AllPub,NAmes,1960,1,0,3,1,286
153000,80.0,9600,AllPub,NAmes,1955,1,0,3,1,364
135000,70.0,11606,AllPub,NAmes,1969,1,2,5,2,504
168500,82.0,9020,AllPub,NAmes,1964,1,1,3,2,520
124000,50.0,9000,AllPub,OldTown,1880,1,0,3,1,240
209500,34.0,4590,AllPub,NridgHt,2006,2,0,2,2,627
82500,85.0,11900,AllPub,NWAmes,1977,2,0,3,2,544
139400,80.0,9250,AllPub,NAmes,1954,1,0,3,1,260
144000,64.0,6979,AllPub,OldTown,1980,0,0,0,2,576
200000,60.0,10896,AllPub,SWISU,1914,2,0,8,0,0
60000,51.0,6120,AllPub,BrkSide,1936,1,0,1,0,0
93000,50.0,6000,AllPub,OldTown,1954,2,0,3,1,256
85000,67.0,8777,AllPub,Edwards,1910,1,0,2,0,0
264561,53.0,3982,AllPub,Blmngtn,2006,2,0,1,3,648
274000,62.0,12677,AllPub,NridgHt,2003,1,1,1,2,588
226000,,7050,AllPub,Somerst,2001,2,1,3,2,650
345000,75.0,13860,AllPub,NAmes,1972,2,1,4,2,538
152000,80.0,10793,AllPub,NWAmes,1969,2,1,4,2,462
370878,85.0,9187,AllPub,Somerst,2009,2,1,2,3,478
143250,,10530,AllPub,NAmes,1971,1,1,3,2,576
98300,60.0,7200,AllPub,NAmes,1950,1,0,3,2,420
155000,85.0,10452,AllPub,Edwards,1953,1,0,3,2,495
155000,70.0,7700,AllPub,NAmes,1966,1,1,4,2,442
84500,21.0,1936,AllPub,MeadowV,1970,1,0,1,0,0
205950,65.0,8125,AllPub,Somerst,2007,2,1,3,2,562
108000,60.0,9084,AllPub,Edwards,1940,1,0,4,1,296
191000,70.0,8750,AllPub,CollgCr,1996,2,1,2,2,512
135000,60.0,10320,AllPub,IDOTRR,1906,1,0,3,1,216
350000,91.0,10437,AllPub,NoRidge,1995,2,1,2,3,839
88000,21.0,1680,AllPub,BrDale,1971,1,1,3,1,264
145500,72.0,10007,AllPub,NAmes,1959,1,1,3,1,312
149000,60.0,7200,AllPub,Crawfor,1931,1,1,3,1,270
97500,78.0,17503,AllPub,NAmes,1948,1,0,3,1,330
167000,75.0,9937,AllPub,Edwards,1964,1,0,3,2,480
197900,,12384,AllPub,NWAmes,1976,2,1,3,2,550
402000,52.0,46589,AllPub,NoRidge,1994,2,1,4,3,711
110000,120.0,13560,AllPub,NAmes,1968,1,0,2,2,576
137500,90.0,10012,AllPub,Edwards,1972,2,0,3,2,588
423000,49.0,20896,AllPub,Somerst,2005,1,1,1,3,1134
230500,106.0,11194,AllPub,Gilbert,2000,2,1,3,2,504
129000,,18450,AllPub,NAmes,1965,2,1,3,2,596
193500,65.0,8125,AllPub,SawyerW,1994,2,0,3,2,575
168000,,14175,AllPub,Sawyer,1956,1,1,3,2,576
137500,80.0,11600,AllPub,Crawfor,1922,1,0,2,1,252
173500,64.0,8633,AllPub,CollgCr,2005,2,1,3,2,540
103600,54.0,6629,AllPub,Edwards,1925,2,0,3,1,300
165000,,11250,AllPub,Veenker,1977,1,1,3,2,546
257500,110.0,14442,AllPub,Crawfor,1957,2,0,3,2,416
140000,80.0,9200,AllPub,NAmes,1965,1,0,3,1,384
148500,24.0,2289,AllPub,NPkVill,1978,2,1,3,2,440
87000,60.0,9600,AllPub,OldTown,1900,2,0,4,3,779
109500,52.0,9022,AllPub,OldTown,1924,1,0,2,1,240
372500,80.0,11844,AllPub,StoneBr,2008,2,1,3,3,834
128500,,9945,AllPub,Sawyer,1961,1,0,3,2,572
143000,50.0,8012,AllPub,SawyerW,1980,2,0,2,1,264
159434,55.0,4500,AllPub,SWISU,1932,1,0,3,1,281
173000,,2887,AllPub,ClearCr,1996,1,0,2,2,431
285000,90.0,11248,AllPub,CollgCr,2002,2,0,3,3,702
221000,58.0,16770,AllPub,NoRidge,1998,2,1,4,2,486
207500,,5062,AllPub,StoneBr,1984,2,0,3,2,577
227875,84.0,10207,AllPub,Somerst,2007,3,0,3,2,578
148800,,5105,AllPub,Somerst,2004,2,1,2,2,480
392000,60.0,8089,AllPub,StoneBr,2007,2,0,2,2,567
194700,61.0,7577,AllPub,NridgHt,2005,2,0,2,2,460
141000,,4426,AllPub,CollgCr,2004,1,0,1,2,420
755000,104.0,21535,AllPub,NoRidge,1994,3,1,4,3,832
335000,42.0,26178,AllPub,Timber,1989,2,1,4,2,628
108480,60.0,5400,AllPub,OldTown,1921,1,0,2,1,326
141500,51.0,6120,AllPub,BrkSide,1936,1,1,3,2,576
176000,54.0,13811,AllPub,Timber,1987,2,0,2,2,551
89000,50.0,6000,AllPub,BrkSide,1921,1,0,2,1,205
123500,57.0,6420,AllPub,Edwards,1952,1,0,2,1,308
138500,65.0,8450,AllPub,Sawyer,1965,1,0,3,1,336
196000,59.0,4282,AllPub,Somerst,2004,2,0,2,2,530
312500,85.0,14331,AllPub,Timber,2002,2,0,3,3,765
140000,80.0,9600,AllPub,NWAmes,1969,1,1,3,2,528
361919,82.0,12438,AllPub,StoneBr,2006,2,1,4,3,666
140000,76.0,7630,AllPub,OldTown,1900,2,0,4,2,672
213000,70.0,8400,AllPub,CollgCr,2004,2,0,3,2,606
55000,70.0,5600,AllPub,IDOTRR,1930,2,0,3,0,0
302000,,115149,AllPub,ClearCr,1971,2,0,2,2,739
254000,48.0,6240,AllPub,NridgHt,2006,2,0,2,2,550
179540,65.0,9018,AllPub,Gilbert,2007,2,1,3,2,400
109900,,7162,AllPub,Sawyer,1966,1,0,3,1,408
52000,56.0,4130,AllPub,BrkSide,1935,1,0,2,0,0
102776,66.0,8712,AllPub,IDOTRR,1900,1,0,2,1,384
189000,40.0,4671,AllPub,StoneBr,1988,2,0,2,2,472
129000,60.0,9873,AllPub,BrkSide,1970,1,0,3,2,576
130500,,13517,AllPub,Sawyer,1976,2,1,3,2,475
165000,78.0,10140,AllPub,NWAmes,1974,2,0,3,2,478
159500,60.0,10800,AllPub,OldTown,1890,1,1,3,2,704
157000,80.0,10000,AllPub,NWAmes,1973,1,1,3,2,439
341000,96.0,10542,AllPub,NoRidge,1993,2,1,3,3,983
128500,69.0,9920,AllPub,CollgCr,1969,1,1,3,1,300
275000,,6563,AllPub,StoneBr,1985,2,0,2,2,564
143000,,4426,AllPub,CollgCr,2004,1,0,1,2,420
124500,70.0,8120,AllPub,NAmes,1970,1,0,3,2,463
135000,60.0,8172,AllPub,Edwards,1954,2,0,4,1,548
320000,86.0,13286,AllPub,Edwards,2007,2,0,3,3,768
120500,60.0,6960,AllPub,NAmes,1970,1,0,3,2,660
222000,,21695,AllPub,Crawfor,1988,2,0,3,2,540
194500,64.0,7314,AllPub,CollgCr,2007,2,0,2,2,632
110000,85.0,11475,AllPub,NAmes,1958,2,0,4,3,888
103000,52.0,6240,AllPub,IDOTRR,1925,1,0,2,2,539
236500,39.0,5389,AllPub,StoneBr,1995,2,0,2,2,608
187500,73.0,9590,AllPub,Timber,2003,2,0,3,2,438
222500,75.0,11404,AllPub,CollgCr,1998,2,1,3,2,541
131400,80.0,10000,AllPub,Sawyer,1961,1,0,3,1,264
108000,,8978,AllPub,Sawyer,1968,1,0,3,1,300
163000,60.0,10800,AllPub,OldTown,1914,1,1,2,2,320
93500,60.0,8544,AllPub,NAmes,1950,2,0,2,2,400
239900,72.0,10463,AllPub,Gilbert,2005,2,1,3,3,800
179000,60.0,10800,AllPub,Edwards,1987,3,0,3,0,0
190000,65.0,9313,AllPub,CollgCr,2004,2,1,3,2,572
132000,60.0,9600,AllPub,OldTown,1910,2,0,2,2,360
142000,65.0,6768,AllPub,Sawyer,1961,1,0,3,1,288
179000,65.0,8450,AllPub,SawyerW,2000,2,0,3,2,539
175000,70.0,12886,AllPub,Sawyer,1963,2,0,3,2,480
180000,41.0,5395,AllPub,StoneBr,1993,2,0,2,2,462
299800,,8963,AllPub,NWAmes,1976,3,1,4,2,831
236000,,8795,AllPub,Gilbert,2000,2,1,4,2,554
265979,65.0,11700,AllPub,OldTown,1880,1,1,4,4,864
260400,59.0,10593,AllPub,NoRidge,1996,2,0,3,2,527
98000,50.0,8405,AllPub,Edwards,1945,2,0,4,1,240
96500,55.0,8800,AllPub,OldTown,1910,1,0,3,0,0
162000,,7750,AllPub,Gilbert,2003,2,1,3,2,400
217000,79.0,9236,AllPub,CollgCr,1997,2,0,3,2,576
275500,80.0,10240,AllPub,NridgHt,2005,2,1,3,3,878
156000,61.0,7930,AllPub,NAmes,1969,1,0,3,2,440
172500,34.0,3230,AllPub,Somerst,1999,2,1,3,2,440
212000,68.0,10769,AllPub,CollgCr,2007,2,1,3,2,578
158900,,11616,AllPub,Sawyer,1978,2,1,3,2,440
179400,24.0,2280,AllPub,Somerst,1999,2,1,3,2,440
290000,65.0,12257,AllPub,NoRidge,1995,2,1,4,3,752
127500,70.0,9100,AllPub,NAmes,1959,1,0,2,1,300
100000,60.0,6911,AllPub,BrkSide,1924,1,0,2,2,440
215200,72.0,8640,AllPub,Somerst,2009,2,1,3,2,614
337000,82.0,9430,AllPub,NoRidge,1999,2,1,3,3,856
270000,30.0,9549,AllPub,Veenker,1995,1,1,2,2,481
264132,75.0,14587,AllPub,Somerst,2008,2,0,2,2,592
196500,80.0,10421,AllPub,NWAmes,1988,2,1,3,2,496
160000,75.0,12508,AllPub,Mitchel,1940,2,0,4,1,423
216837,70.0,9100,AllPub,CollgCr,2004,2,0,3,2,484
538000,47.0,53504,AllPub,StoneBr,2003,3,1,4,3,841
134900,,7252,AllPub,Sawyer,1982,1,0,2,2,576
102000,67.0,8877,AllPub,Edwards,1951,1,0,2,2,396
107000,94.0,7819,AllPub,Edwards,1976,1,0,3,2,672
114500,70.0,10150,AllPub,NAmes,1958,1,0,2,1,275
395000,110.0,14226,AllPub,NridgHt,2006,2,0,3,3,895
162000,32.0,4500,AllPub,Mitchel,1998,2,0,2,2,412
221500,86.0,11210,AllPub,CollgCr,2005,2,0,3,3,865
142500,100.0,13350,AllPub,Sawyer,1974,1,0,3,2,440
144000,60.0,8400,AllPub,SawyerW,1977,2,0,4,2,630
135000,78.0,10530,AllPub,Mitchel,1977,1,0,2,2,504
176000,63.0,7875,AllPub,Gilbert,1995,2,0,3,2,402
175900,65.0,7153,AllPub,SawyerW,1992,2,1,3,2,484
187100,67.0,16285,AllPub,CollgCr,2001,2,0,3,2,605
165500,,9101,AllPub,Mitchel,1978,1,0,1,2,602
128000,35.0,6300,AllPub,OldTown,1914,2,0,3,0,0
161500,,9790,AllPub,NWAmes,1967,2,0,3,2,457
139000,60.0,10800,AllPub,OldTown,1915,2,0,4,1,416
233000,76.0,10142,AllPub,SawyerW,2004,2,1,4,2,618
107900,50.0,6000,AllPub,OldTown,1954,1,0,2,1,281
187500,,12205,AllPub,ClearCr,1966,2,1,5,2,444
160200,43.0,3182,AllPub,Blmngtn,2005,2,0,2,2,397
146800,,11333,AllPub,Mitchel,1976,1,0,3,2,539
269790,92.0,9920,AllPub,NoRidge,1996,2,1,3,2,455
225000,76.0,9158,AllPub,Somerst,2007,2,0,3,2,474
194500,,10832,AllPub,Gilbert,1994,2,1,3,2,409
171000,70.0,8400,AllPub,SawyerW,1980,2,1,3,2,476
143500,71.0,8197,AllPub,Sawyer,1977,1,1,3,2,528
110000,57.0,7677,AllPub,NAmes,1953,1,0,2,1,240
485000,104.0,13518,AllPub,NridgHt,2008,3,1,4,3,820
175000,60.0,7200,AllPub,SWISU,1937,1,1,3,1,240
200000,79.0,12798,AllPub,ClearCr,1997,2,1,4,2,603
109900,40.0,4800,AllPub,IDOTRR,1916,1,0,2,2,440
189000,63.0,8199,AllPub,CollgCr,2005,2,1,3,2,410
582933,107.0,13891,AllPub,NridgHt,2008,3,1,4,3,1020
118000,75.0,9000,AllPub,NAmes,1954,1,0,2,1,286
227680,91.0,12274,AllPub,Somerst,2008,2,0,3,2,554
135500,75.0,9750,AllPub,NAmes,1967,2,0,3,1,384
223500,144.0,21384,AllPub,BrkSide,1923,1,1,3,2,528
159950,85.0,13400,AllPub,NAmes,1966,1,0,3,2,484
106000,90.0,8100,AllPub,OldTown,1898,2,0,2,2,360
181000,78.0,10140,AllPub,NWAmes,1974,1,1,3,2,484
144500,,4438,AllPub,CollgCr,2004,1,0,1,2,420
55993,66.0,8712,AllPub,IDOTRR,1952,1,0,2,2,504
157900,75.0,9750,AllPub,NAmes,1958,1,1,4,1,301
116000,45.0,8248,AllPub,Edwards,1918,1,1,3,1,280
224900,48.0,12137,AllPub,CollgCr,1998,2,0,3,2,598
137000,,11425,AllPub,NAmes,1954,1,0,2,1,275
271000,,13265,AllPub,Mitchel,2002,2,0,3,3,857
155000,80.0,8816,AllPub,ClearCr,1971,1,0,3,2,440
224000,44.0,6371,AllPub,NridgHt,2009,2,0,2,2,484
183000,72.0,7226,AllPub,CollgCr,2003,2,1,3,2,595
93000,60.0,6000,AllPub,OldTown,1953,1,0,2,2,576
225000,,12394,AllPub,Gilbert,2003,2,1,3,2,433
139500,60.0,9900,AllPub,SWISU,1940,2,0,3,1,240
232600,81.0,11216,AllPub,Somerst,2006,2,0,3,2,776
385000,114.0,14803,AllPub,NridgHt,2007,2,0,2,3,1220
109500,50.0,6130,AllPub,BrkSide,1924,1,0,2,0,0
189000,65.0,8529,AllPub,SawyerW,2001,2,0,3,2,527
185000,,28698,AllPub,ClearCr,1967,2,1,3,2,538
147400,24.0,2544,AllPub,Somerst,2005,2,1,2,2,480
166000,80.0,11900,AllPub,NAmes,1957,1,1,3,2,458
151000,30.0,3180,AllPub,Somerst,2005,2,1,2,2,480
237000,44.0,9548,AllPub,CollgCr,2003,2,1,3,2,613
167000,100.0,10004,AllPub,NAmes,1964,1,1,3,2,472
139950,75.0,7875,AllPub,NAmes,1961,1,0,3,2,456
128000,60.0,9600,AllPub,Sawyer,1950,2,0,2,2,436
153500,90.0,8100,AllPub,OldTown,1948,1,0,2,2,812
100000,21.0,1680,AllPub,BrDale,1973,1,1,2,1,264
144000,75.0,9525,AllPub,CollgCr,1995,1,1,3,1,352
130500,70.0,11767,AllPub,Edwards,1946,1,0,3,1,240
140000,,12155,AllPub,SWISU,1925,2,0,4,1,400
157500,60.0,10440,AllPub,OldTown,1904,2,0,3,2,686
174900,82.0,9020,AllPub,NAmes,1966,1,1,3,2,490
141000,80.0,8000,AllPub,NAmes,1961,2,0,6,0,0
153900,100.0,12665,AllPub,OldTown,1915,1,1,4,3,720
171000,,16647,AllPub,Sawyer,1975,2,0,3,2,611
213000,75.0,9317,AllPub,SawyerW,1993,2,1,3,2,425
133500,36.0,15523,AllPub,CollgCr,1972,1,0,3,1,338
240000,75.0,45600,AllPub,ClearCr,1908,3,0,5,2,360
187000,80.0,9600,AllPub,Veenker,1976,2,1,3,2,512
131500,36.0,4435,AllPub,CollgCr,2003,1,0,1,2,420
215000,,3196,AllPub,Blmngtn,2003,2,0,2,2,400
164000,53.0,7128,AllPub,Crawfor,1941,2,0,4,1,240
158000,,12095,AllPub,NAmes,1964,1,1,3,2,645
170000,102.0,17920,AllPub,Sawyer,1955,1,1,3,2,454
127000,,6897,AllPub,Sawyer,1962,1,1,3,1,260
147000,,10970,AllPub,CollgCr,1978,1,0,3,2,576
174000,65.0,8125,AllPub,Gilbert,1994,2,1,3,2,343
152000,80.0,10400,AllPub,NWAmes,1976,2,0,3,2,479
250000,,11029,AllPub,NWAmes,1968,2,1,4,2,619
189950,55.0,7642,AllPub,Crawfor,1918,1,1,3,1,216
131500,75.0,11625,AllPub,Sawyer,1965,1,1,3,2,504
152000,81.0,9672,AllPub,SawyerW,1984,2,0,3,2,480
132500,70.0,7931,AllPub,NAmes,1959,1,0,3,1,672
250580,72.0,8640,AllPub,Somerst,2007,2,0,3,2,529
148500,,8750,AllPub,NAmes,1970,1,0,3,2,902
248900,67.0,10656,AllPub,Timber,2006,2,0,3,3,870
129000,85.0,6970,AllPub,Sawyer,1961,1,1,3,2,544
169000,,14762,AllPub,Gilbert,1948,2,0,2,2,672
236000,80.0,9938,AllPub,SawyerW,1993,2,1,3,2,574
109500,60.0,6600,AllPub,NAmes,1962,1,0,2,1,308
200500,70.0,8750,AllPub,CollgCr,1998,2,1,3,2,523
116000,74.0,8892,AllPub,NAmes,1953,1,0,3,2,414
133000,60.0,12144,AllPub,NAmes,1949,1,0,3,1,288
66500,52.0,5720,AllPub,OldTown,1941,1,1,3,1,200
303477,75.0,9000,AllPub,Somerst,2007,2,1,4,2,550
132250,94.0,25286,AllPub,Mitchel,1963,1,0,3,2,648
350000,74.0,8834,AllPub,NridgHt,2004,2,1,4,3,738
148000,88.0,11782,AllPub,Sawyer,1961,1,0,3,2,576
136500,,7000,AllPub,CollgCr,1978,1,0,3,1,336
157000,60.0,7024,AllPub,Edwards,2005,1,1,2,2,450
187500,44.0,13758,AllPub,Timber,1990,2,1,3,2,400
178000,,9636,AllPub,Gilbert,1992,2,1,3,2,389
118500,60.0,6204,AllPub,SWISU,1912,1,0,5,1,440
100000,65.0,7150,AllPub,NAmes,1967,1,0,3,1,288
328900,50.0,5119,AllPub,Somerst,1999,2,0,2,2,506
145000,70.0,8393,AllPub,NAmes,1959,2,0,4,2,588
135500,59.0,16466,AllPub,Edwards,1955,1,1,3,1,300
268000,95.0,15865,AllPub,NAmes,1970,2,0,4,2,621
149500,128.0,12160,AllPub,NAmes,1953,1,0,2,2,505
122900,60.0,8064,AllPub,NAmes,1949,1,0,3,2,576
172500,70.0,11184,AllPub,Sawyer,1978,2,1,3,2,440
154500,70.0,8414,AllPub,Sawyer,1963,1,0,3,1,264
165000,,13284,AllPub,Sawyer,1954,1,0,3,1,354
118858,64.0,7018,AllPub,SawyerW,1979,2,0,4,2,400
140000,71.0,7056,AllPub,NAmes,1963,1,1,4,2,483
106500,50.0,8765,AllPub,IDOTRR,1936,1,0,2,1,327
142953,64.0,7018,AllPub,SawyerW,1979,2,0,6,2,528
611657,100.0,12919,AllPub,NridgHt,2009,2,1,2,3,820
135000,65.0,6993,AllPub,Sawyer,1961,1,0,3,1,288
110000,,7340,AllPub,NAmes,1971,1,0,2,1,684
153000,64.0,8712,AllPub,NAmes,1957,1,0,2,1,756
180000,63.0,7875,AllPub,Gilbert,2003,2,1,3,2,393
240000,50.0,14859,AllPub,Gilbert,2006,2,0,3,3,690
125500,,6173,AllPub,Sawyer,1967,1,0,3,1,288
128000,80.0,9920,AllPub,NAmes,1954,1,0,3,1,280
255000,116.0,13501,AllPub,Somerst,2006,2,0,3,3,865
250000,86.0,11500,AllPub,Crawfor,1936,1,1,3,1,180
131000,,8885,AllPub,Mitchel,1983,1,0,2,2,484
174000,149.0,12589,AllPub,Gilbert,2005,2,1,3,2,390
154300,80.0,11600,AllPub,NAmes,1960,2,0,5,2,480
143500,,9286,AllPub,CollgCr,1977,1,1,3,1,252
88000,51.0,6120,AllPub,BrkSide,1925,1,0,3,1,450
145000,82.0,6270,AllPub,Crawfor,1949,2,0,4,3,871
173733,30.0,3000,AllPub,Somerst,2009,2,1,2,2,528
75000,21.0,2001,AllPub,MeadowV,1970,1,1,3,1,286
35311,50.0,9000,AllPub,IDOTRR,1949,0,0,1,1,308
135000,,17140,AllPub,Edwards,1956,1,0,3,1,284
238000,103.0,13125,AllPub,SawyerW,1991,2,1,4,3,833
176500,87.0,11029,AllPub,NAmes,1958,1,0,3,2,601
201000,70.0,8462,AllPub,SawyerW,1994,2,1,3,2,471
145900,67.0,8777,AllPub,Edwards,1900,2,2,4,0,0
169990,65.0,10237,AllPub,Gilbert,2005,2,0,3,2,397
193000,50.0,8012,AllPub,SawyerW,1993,2,0,2,2,533
207500,79.0,10240,AllPub,NWAmes,1980,2,0,3,2,612
175000,,15611,AllPub,NWAmes,1977,2,0,3,2,540
285000,93.0,11999,AllPub,NridgHt,2003,2,1,4,3,656
176000,,9900,AllPub,NWAmes,1968,2,1,4,2,486
236500,,11838,AllPub,CollgCr,2001,2,0,3,2,522
222000,,13006,AllPub,Gilbert,1997,2,1,4,2,642
201000,73.0,8925,AllPub,Timber,2007,2,0,3,3,610
117500,70.0,9100,AllPub,NAmes,1965,1,0,2,1,429
320000,84.0,11670,AllPub,Somerst,2006,2,0,3,3,788
190000,63.0,8487,AllPub,CollgCr,2004,2,0,3,2,570
242000,313.0,27650,AllPub,NAmes,1960,2,0,4,2,505
79900,52.0,5825,AllPub,BrkSide,1926,1,0,1,2,528
184900,67.0,10083,AllPub,SawyerW,2003,2,0,2,2,555
253000,75.0,9675,AllPub,Somerst,2005,2,1,3,2,689
239799,73.0,8760,AllPub,CollgCr,2006,2,1,3,3,868
244400,,24090,AllPub,ClearCr,1940,2,0,4,1,349
150900,55.0,12640,AllPub,Mitchel,1976,2,0,4,2,574
214000,,8755,AllPub,Gilbert,1999,2,1,3,2,390
150000,42.0,7711,AllPub,Edwards,1977,2,0,4,0,0
143000,100.0,25000,AllPub,Mitchel,1967,2,0,4,2,576
137500,,14375,NoSeWa,Timber,1958,1,0,3,2,525
124900,98.0,8820,AllPub,OldTown,1890,1,0,2,2,456
143000,70.0,8163,AllPub,NAmes,1959,1,0,3,1,796
270000,85.0,14536,AllPub,Timber,2002,2,0,3,3,808
192500,65.0,14006,AllPub,CollgCr,2002,2,1,3,2,474
197500,78.0,9360,AllPub,NWAmes,1972,1,1,3,2,676
129000,60.0,7200,AllPub,NAmes,1950,1,0,3,2,720
119900,60.0,7800,AllPub,SawyerW,1965,1,0,3,1,300
133900,60.0,7200,AllPub,CollgCr,1972,1,0,2,1,396
172000,,11075,AllPub,Mitchel,1969,2,1,4,2,530
127500,35.0,9400,AllPub,Edwards,1975,2,0,4,0,0
145000,82.0,7136,AllPub,Crawfor,1946,2,0,4,2,492
124000,24.0,1300,AllPub,Blueste,1980,1,1,2,2,462
132000,70.0,7420,AllPub,Sawyer,1962,1,0,3,2,576
185000,65.0,8450,AllPub,CollgCr,2003,2,0,3,2,531
155000,24.0,2572,AllPub,Somerst,1999,2,1,3,2,484
116500,50.0,7207,AllPub,BrkSide,1958,1,0,2,0,0
272000,,12227,AllPub,NWAmes,1977,2,1,4,2,619
155000,24.0,2308,AllPub,NPkVill,1976,2,1,3,2,440
239000,122.0,11923,AllPub,CollgCr,2007,2,0,2,2,702
214900,80.0,11316,AllPub,Timber,2002,2,1,4,2,510
178900,65.0,10237,AllPub,Gilbert,2005,2,1,3,2,393
160000,130.0,9600,AllPub,Crawfor,1940,1,1,2,1,256
135000,,7390,AllPub,NAmes,1955,1,0,3,1,260
37900,50.0,5925,AllPub,OldTown,1910,1,0,2,0,0
140000,75.0,10382,AllPub,NAmes,1958,1,0,2,1,264
135000,60.0,10800,AllPub,NAmes,1949,1,1,4,0,0
173000,36.0,2268,AllPub,NridgHt,2003,2,0,2,2,474
99500,55.0,7892,AllPub,SawyerW,1979,2,0,2,1,264
182000,95.0,11639,AllPub,Somerst,2007,2,0,3,2,480
167500,60.0,11414,AllPub,BrkSide,1910,1,0,3,2,532
165000,,2651,AllPub,Somerst,2000,2,1,3,2,490
85500,51.0,5900,AllPub,BrkSide,1923,1,0,2,0,0
199900,35.0,4274,AllPub,Somerst,2006,1,1,1,2,569
110000,68.0,9450,AllPub,Edwards,1954,1,0,3,2,400
139000,80.0,8816,AllPub,Sawyer,1963,1,0,3,2,480
178400,,12122,AllPub,NAmes,1961,1,0,3,2,588
336000,98.0,12203,AllPub,NoRidge,1998,2,1,4,3,676
159895,43.0,3182,AllPub,Blmngtn,2007,2,0,2,2,388
255900,,11250,AllPub,CollgCr,2002,2,1,4,2,779
126000,75.0,10125,AllPub,Mitchel,1977,2,0,4,2,539
125000,68.0,10880,AllPub,Edwards,1950,1,0,3,1,240
117000,59.0,5310,AllPub,OldTown,1910,1,0,2,1,255
395192,83.0,10159,AllPub,NridgHt,2009,2,1,3,3,606
195000,,12046,AllPub,NWAmes,1976,2,1,4,2,551
197000,65.0,8125,AllPub,Somerst,2006,2,1,3,2,614
348000,82.0,9452,AllPub,NoRidge,1997,2,1,3,3,870
168000,121.0,17671,AllPub,OldTown,1882,1,1,4,2,424
187000,80.0,9760,AllPub,NAmes,1964,2,1,3,2,440
173900,68.0,8846,AllPub,CollgCr,2005,2,1,3,2,564
337500,96.0,12456,AllPub,NridgHt,2006,2,0,3,3,786
121600,51.0,4712,AllPub,BrkSide,1946,1,1,3,1,305
136500,,10659,AllPub,NAmes,1961,1,0,3,1,368
185000,,11717,AllPub,NWAmes,1970,2,0,2,2,615
91000,60.0,9786,AllPub,IDOTRR,1922,1,0,3,1,210
206000,64.0,6762,AllPub,CollgCr,2006,2,0,2,2,632
82000,74.0,10206,AllPub,Edwards,1952,1,0,2,2,528
86000,60.0,5400,AllPub,OldTown,1920,1,0,2,1,216
232000,75.0,11957,AllPub,Somerst,2006,2,0,3,3,824
136905,,11500,AllPub,NWAmes,1976,2,0,4,2,528
181000,43.0,3182,AllPub,Blmngtn,2005,2,0,1,2,457
149900,65.0,8385,AllPub,CollgCr,1977,2,0,3,1,328
163500,,12155,AllPub,NAmes,1970,2,0,3,2,484
88000,21.0,2217,AllPub,MeadowV,1970,1,1,3,1,286
240000,43.0,12118,AllPub,Mitchel,2004,2,0,3,2,550
102000,60.0,6000,AllPub,SWISU,1926,2,0,4,0,0
135000,115.0,21286,AllPub,Sawyer,1948,2,0,4,1,312
100000,75.0,9825,AllPub,Edwards,1965,2,0,4,0,0
165000,55.0,10592,AllPub,Crawfor,1923,1,1,3,1,180
85000,60.0,7200,AllPub,OldTown,1910,1,0,2,1,280
119200,60.0,11664,AllPub,NAmes,1948,1,0,2,1,240
227000,70.0,8400,AllPub,NWAmes,2001,2,1,3,2,528
203000,73.0,11883,AllPub,CollgCr,1996,2,0,3,2,478
187500,,5814,AllPub,StoneBr,1984,1,0,1,2,565
160000,,10784,AllPub,Gilbert,1991,2,1,3,2,402
213490,43.0,3013,AllPub,Blmngtn,2005,2,0,2,2,440
176000,60.0,7024,AllPub,Edwards,2005,1,1,2,2,451
194000,64.0,7406,AllPub,CollgCr,2006,2,0,2,2,632
87000,52.0,9439,AllPub,OldTown,1930,1,0,2,1,160
191000,43.0,3182,AllPub,Blmngtn,2005,2,0,2,2,437
287000,,15498,AllPub,Timber,1976,2,0,2,2,665
112500,70.0,7700,AllPub,CollgCr,1972,1,0,3,2,461
167500,73.0,9300,AllPub,NAmes,1960,1,0,3,2,461
293077,71.0,9520,AllPub,Timber,2007,2,0,3,3,800
105000,79.0,9492,AllPub,NAmes,1941,1,0,3,1,240
118000,21.0,1680,AllPub,BrDale,1972,1,1,3,1,264
160000,,7082,AllPub,SWISU,1916,2,0,5,0,0
197000,102.0,15863,AllPub,SWISU,1920,2,1,5,2,672
310000,,14541,AllPub,NoRidge,1993,2,1,5,3,796
230000,,8125,AllPub,CollgCr,2002,2,0,3,3,900
119750,50.0,6305,AllPub,Crawfor,1938,1,0,2,1,240
84000,,11500,AllPub,Edwards,1957,1,0,3,1,290
315500,89.0,12898,AllPub,Timber,2007,2,0,2,3,912
287000,,9240,AllPub,CollgCr,2001,2,1,3,2,905
97000,21.0,1533,AllPub,MeadowV,1970,1,1,3,0,0
80000,21.0,1477,AllPub,MeadowV,1970,1,0,1,1,286
155000,88.0,13125,AllPub,Sawyer,1957,2,0,3,2,484
173000,,9130,AllPub,NWAmes,1966,1,1,4,2,484
196000,34.0,5381,AllPub,NridgHt,2005,2,0,1,2,624
262280,86.0,11839,AllPub,SawyerW,1990,2,1,4,2,514
278000,80.0,9600,AllPub,NWAmes,1981,2,1,4,2,542
139600,,13680,AllPub,Edwards,1955,2,0,4,2,452
556581,85.0,16056,AllPub,StoneBr,2005,3,1,4,3,716
145000,57.0,9245,AllPub,CollgCr,1994,1,0,3,2,672
115000,100.0,21750,AllPub,Mitchel,1960,1,0,3,2,336
84900,60.0,11100,AllPub,Edwards,1946,1,0,2,1,308
176485,73.0,8993,AllPub,Gilbert,2007,2,0,3,2,436
200141,103.0,11175,AllPub,CollgCr,2007,2,0,3,2,440
165000,100.0,9500,AllPub,NAmes,1964,1,1,4,2,540
144500,68.0,8562,AllPub,Edwards,1957,1,0,4,1,364
255000,90.0,11367,AllPub,CollgCr,2002,2,1,3,2,586
180000,104.0,11361,AllPub,NWAmes,1976,2,0,3,2,478
185850,43.0,7052,AllPub,NridgHt,2005,2,0,2,2,484
248000,,29959,AllPub,NoRidge,1994,2,1,3,2,467
335000,96.0,11308,AllPub,NridgHt,2008,2,1,3,3,836
220000,,11275,AllPub,Crawfor,1932,1,1,3,2,432
213500,41.0,4920,AllPub,StoneBr,2001,2,0,2,2,582
81000,120.0,18000,AllPub,IDOTRR,1935,1,0,2,3,1248
90000,85.0,13600,AllPub,OldTown,1900,2,0,5,2,560
110500,50.0,6000,AllPub,OldTown,1925,1,0,2,2,440
154000,,11000,AllPub,NAmes,1966,1,1,3,2,480
328000,80.0,14000,AllPub,ClearCr,1996,2,1,3,2,533
178000,59.0,7837,AllPub,Gilbert,1993,2,1,3,2,380
167900,80.0,9760,AllPub,NAmes,1964,1,1,4,2,442
151400,42.0,3964,AllPub,MeadowV,1973,2,1,5,2,576
135000,60.0,9600,AllPub,NAmes,1949,1,0,2,2,576
135000,72.0,10152,AllPub,NAmes,1956,1,0,3,1,286
154000,78.0,11700,AllPub,NWAmes,1968,1,1,4,2,441
91500,50.0,7585,AllPub,Edwards,1948,1,0,4,1,280
159500,75.0,7950,AllPub,Edwards,1977,1,1,3,2,440
194000,74.0,8556,AllPub,CollgCr,2006,2,0,2,3,826
219500,75.0,13125,AllPub,Crawfor,1940,1,1,3,1,240
170000,60.0,10800,AllPub,OldTown,1936,2,0,3,2,566
138800,,15870,AllPub,NAmes,1969,1,0,3,1,299
155900,37.0,4435,AllPub,CollgCr,2004,1,0,1,2,420
126000,65.0,8775,AllPub,CollgCr,1994,1,0,3,1,299
145000,80.0,11040,AllPub,NWAmes,1971,2,0,3,2,528
133000,75.0,7500,AllPub,Sawyer,1963,1,1,3,1,308
192000,70.0,8749,AllPub,CollgCr,2002,2,0,3,2,527
160000,80.0,8800,AllPub,NAmes,1964,1,0,3,1,461
187500,,13031,AllPub,Gilbert,1995,2,1,3,2,409
147000,73.0,9069,AllPub,SawyerW,1992,1,0,2,2,564
83500,,1974,AllPub,MeadowV,1973,1,1,3,1,286
252000,85.0,10574,AllPub,Somerst,2005,2,1,3,3,1043
137500,24.0,2522,AllPub,Edwards,2004,2,0,3,2,380
197000,37.0,3316,AllPub,Somerst,2005,1,1,1,2,550
92900,60.0,8544,AllPub,NAmes,1950,2,0,2,2,400
160000,24.0,2160,AllPub,Somerst,1999,2,1,2,2,462
136500,60.0,8400,AllPub,SWISU,1925,2,0,4,2,576
146000,71.0,9230,AllPub,NAmes,1965,1,1,1,2,884
129000,74.0,5868,AllPub,NAmes,1956,1,0,2,1,308
176432,78.0,9317,AllPub,CollgCr,2006,2,0,3,2,440
127000,60.0,6882,AllPub,IDOTRR,1914,1,1,3,0,0
170000,,3696,AllPub,StoneBr,1986,1,1,2,2,461
128000,50.0,6000,AllPub,BrkSide,1936,1,0,3,1,240
157000,82.0,11880,AllPub,NWAmes,1978,2,0,3,2,478
60000,60.0,8400,AllPub,SWISU,1920,1,0,1,1,246
119500,61.0,9758,AllPub,NAmes,1971,1,0,3,1,280
135000,70.0,7000,AllPub,NAmes,1960,1,0,2,1,254
159500,79.0,8910,AllPub,NAmes,1959,1,0,3,2,539
106000,24.0,2016,AllPub,BrDale,1970,2,1,3,2,440
325000,98.0,12256,AllPub,NoRidge,1994,2,1,3,2,712
179900,114.0,10357,AllPub,SawyerW,1990,2,0,3,2,719
274725,168.0,23257,AllPub,Gilbert,2006,2,1,3,2,422
181000,,8063,AllPub,Gilbert,2000,2,1,3,2,463
280000,107.0,11362,AllPub,NridgHt,2004,2,0,3,3,862
188000,,8000,AllPub,Gilbert,1995,2,1,3,2,431
205000,80.0,10480,AllPub,NWAmes,1976,2,1,4,2,483
129900,73.0,7100,AllPub,NAmes,1957,1,0,2,1,308
134500,66.0,8923,AllPub,NAmes,1953,1,0,2,1,240
117000,90.0,5400,AllPub,OldTown,1954,1,0,2,1,326
318000,93.0,12085,AllPub,NridgHt,2007,2,0,3,3,928
184100,,7750,AllPub,Gilbert,2002,2,1,3,2,527
130000,57.0,9764,AllPub,Sawyer,1967,1,0,3,2,450
140000,85.0,13825,AllPub,Sawyer,1958,1,0,3,1,300
133700,70.0,7560,AllPub,NAmes,1959,1,0,3,1,286
118400,59.0,8263,AllPub,IDOTRR,1920,1,0,2,1,308
212900,84.0,10084,AllPub,CollgCr,2005,2,0,3,3,782
112000,,8926,AllPub,Edwards,1956,1,0,3,1,288
118000,50.0,9405,AllPub,Edwards,1947,1,0,2,0,0
163900,,9125,AllPub,Gilbert,1992,2,1,3,2,392
115000,60.0,10434,AllPub,NAmes,1955,1,0,2,2,672
174000,53.0,3684,AllPub,Blmngtn,2007,2,0,2,3,660
259000,182.0,14572,AllPub,Gilbert,2004,2,0,3,3,630
215000,59.0,11796,AllPub,Gilbert,2004,2,1,4,2,434
140000,60.0,7200,AllPub,OldTown,1980,1,0,2,2,672
135000,65.0,7804,AllPub,SWISU,1928,2,0,4,2,576
93500,63.0,10712,AllPub,Mitchel,1991,1,0,3,0,0
117500,90.0,9900,AllPub,OldTown,1880,2,0,5,1,205
239500,80.0,9828,AllPub,SawyerW,1995,2,1,3,2,466
169000,57.0,8773,AllPub,Gilbert,1997,2,1,3,2,460
102000,60.0,6180,AllPub,BrkSide,1926,1,0,2,1,180
119000,80.0,9600,AllPub,NAmes,1950,1,0,3,1,288
94000,54.0,6342,AllPub,Sawyer,1875,1,0,2,0,0
196000,,9819,AllPub,Mitchel,1977,2,0,2,2,714
144000,98.0,8731,AllPub,BrkSide,1920,1,0,3,2,495
139000,60.0,7350,AllPub,NAmes,1951,1,0,2,2,840
197500,,10304,AllPub,NWAmes,1976,2,1,4,2,484
424870,77.0,9965,AllPub,CollgCr,2006,3,0,4,3,1052
80000,,9000,AllPub,Sawyer,1959,1,0,3,0,0
80000,60.0,12180,AllPub,Edwards,1941,1,0,2,1,280
149000,52.0,6240,AllPub,BrkSide,1928,1,0,3,1,225
180000,,11200,AllPub,SawyerW,1985,2,0,3,2,403
174500,75.0,12000,AllPub,Crawfor,1941,1,1,3,1,234
116900,,5700,AllPub,OldTown,1926,1,0,2,1,288
143000,50.0,9000,AllPub,OldTown,1920,1,0,3,2,324
124000,57.0,8280,AllPub,NAmes,1950,1,0,2,1,306
149900,134.0,17755,AllPub,Edwards,1959,1,1,3,2,528
230000,90.0,14115,AllPub,Crawfor,1956,1,0,2,2,470
120500,,5890,AllPub,IDOTRR,1930,1,0,2,1,432
201800,,13700,AllPub,NAmes,1965,1,2,4,2,492
218000,90.0,10768,AllPub,Veenker,1976,2,0,3,2,528
179900,85.0,9350,AllPub,NAmes,1965,2,0,3,2,502
230000,34.0,5001,AllPub,NridgHt,2007,2,0,2,2,626
235128,92.0,11932,AllPub,Somerst,2007,2,0,3,3,830
185000,76.0,9120,AllPub,NWAmes,1974,2,1,4,2,540
146000,24.0,2280,AllPub,NPkVill,1978,2,1,3,2,440
224000,,14778,AllPub,Crawfor,1954,1,0,3,2,924
129000,109.0,8724,AllPub,Sawyer,1968,1,0,3,2,450
108959,60.0,12900,AllPub,Sawyer,1969,0,2,0,2,400
194000,,16157,AllPub,Veenker,1978,1,1,2,2,588
233170,79.0,9541,AllPub,NridgHt,2009,2,0,3,2,644
245350,64.0,10475,AllPub,CollgCr,2008,2,0,3,3,776
173000,58.0,10852,AllPub,Gilbert,2000,2,1,3,2,472
235000,120.0,13728,AllPub,Edwards,1935,2,0,4,2,540
625000,118.0,35760,AllPub,NoRidge,1995,3,1,4,3,807
171000,76.0,9880,AllPub,Mitchel,1977,1,0,3,1,358
163000,76.0,9120,AllPub,NAmes,1958,1,0,3,2,433
171900,35.0,4017,AllPub,Somerst,2006,2,1,2,2,625
200500,138.0,18030,AllPub,ClearCr,1946,3,0,3,0,0
239000,80.0,16560,AllPub,Crawfor,1932,2,1,4,2,360
285000,85.0,10678,AllPub,NoRidge,1992,2,1,4,2,541
119500,37.0,6951,AllPub,Mitchel,1984,1,0,3,1,264
115000,,3950,AllPub,OldTown,1926,1,0,3,1,210
154900,54.0,7681,AllPub,Crawfor,1921,1,1,3,1,186
93000,77.0,8335,AllPub,Edwards,1954,1,0,3,0,0
250000,,11170,AllPub,Timber,1990,2,1,4,2,693
392500,64.0,5587,AllPub,Crawfor,2008,2,0,2,2,482
745000,160.0,15623,AllPub,NoRidge,1996,3,1,4,3,813
120000,60.0,10800,AllPub,OldTown,1920,1,0,2,2,720
186700,50.0,35133,AllPub,Timber,1963,1,1,3,3,995
104900,60.0,9738,AllPub,Edwards,1924,1,0,4,1,392
95000,107.0,10615,AllPub,OldTown,1900,2,0,3,2,420
262000,89.0,12461,AllPub,NoRidge,1994,2,0,2,3,757
195000,68.0,8935,AllPub,CollgCr,2002,2,1,3,2,493
189000,60.0,7500,AllPub,Gilbert,1999,2,1,3,2,442
168000,,32463,AllPub,Mitchel,1961,1,0,3,4,1356
174000,24.0,2645,AllPub,Somerst,1999,2,1,2,2,492
125000,60.0,9600,AllPub,OldTown,1925,1,0,3,1,250
165000,,4500,AllPub,Mitchel,1999,2,0,2,2,402
158000,80.0,9364,AllPub,Sawyer,1969,1,1,4,1,299
176000,51.0,8029,AllPub,Gilbert,2005,2,1,3,2,400
219210,58.0,14054,AllPub,Gilbert,2006,2,1,4,3,660
144000,65.0,8850,AllPub,OldTown,1916,1,0,3,1,225
178000,70.0,9100,AllPub,CollgCr,2001,2,0,3,2,573
148000,75.0,11235,AllPub,Sawyer,1963,1,1,3,2,459
116050,71.0,9353,AllPub,NAmes,1970,1,0,3,1,280
197900,80.0,10400,AllPub,CollgCr,1998,2,1,3,2,546
117000,50.0,6000,AllPub,BrkSide,1925,1,0,3,1,216
213000,75.0,9750,AllPub,CollgCr,2000,2,0,3,2,451
153500,78.0,10140,AllPub,NWAmes,1975,1,1,3,2,495
271900,90.0,14684,AllPub,SawyerW,1990,2,0,3,3,701
107000,,8900,AllPub,SawyerW,1966,1,0,2,1,384
200000,70.0,9135,AllPub,CollgCr,2003,2,0,3,2,544
140000,70.0,7763,AllPub,NAmes,1962,1,0,3,2,506
290000,85.0,10182,AllPub,Somerst,2006,2,0,3,2,500
189000,70.0,11218,AllPub,SawyerW,1992,2,1,3,2,462
164000,152.0,12134,AllPub,Gilbert,1988,2,0,4,2,492
113000,50.0,9340,AllPub,Edwards,1941,1,0,2,1,234
145000,,10246,AllPub,Sawyer,1965,0,0,0,1,364
134500,69.0,10205,AllPub,NAmes,1962,1,0,3,1,300
125000,99.0,7094,AllPub,Sawyer,1966,1,0,3,1,384
112000,68.0,8930,AllPub,Sawyer,1978,2,0,4,2,539
229456,72.0,8640,AllPub,Somerst,2009,2,0,3,2,552
80500,52.0,6240,AllPub,BrkSide,1947,1,0,2,0,0
91500,21.0,1680,AllPub,BrDale,1971,1,1,3,0,0
115000,66.0,7800,AllPub,NAmes,1964,1,0,2,1,288
134000,55.0,8250,AllPub,Sawyer,1968,1,0,3,1,322
143000,78.0,10496,AllPub,NAmes,1949,2,0,3,1,315
137900,89.0,10680,AllPub,NAmes,1951,2,0,4,2,528
184000,60.0,15384,AllPub,Gilbert,2004,2,1,3,2,388
145000,65.0,10482,AllPub,NAmes,1958,1,0,3,1,264
214000,86.0,14598,AllPub,Somerst,2007,2,1,4,3,668
147000,72.0,8872,AllPub,NAmes,1965,1,0,2,2,576
367294,65.0,8769,AllPub,NridgHt,2008,1,1,1,3,1052
127000,70.0,7910,AllPub,NAmes,1960,2,0,4,1,404
190000,,18890,AllPub,Sawyer,1977,2,2,4,2,600
132500,70.0,7728,AllPub,NAmes,1962,1,0,3,2,540
101800,70.0,9842,AllPub,NAmes,1962,2,0,2,2,462
142000,,12160,AllPub,NAmes,1959,1,0,3,2,531
130000,55.0,8525,AllPub,SWISU,1911,1,1,4,0,0
138887,96.0,13132,AllPub,Crawfor,1914,1,1,4,1,180
175500,36.0,2628,AllPub,NridgHt,2003,2,1,2,2,474
195000,41.0,12393,AllPub,CollgCr,2004,2,1,4,2,434
142500,63.0,13072,AllPub,SawyerW,2005,1,1,3,2,484
265900,64.0,9037,AllPub,Timber,2006,2,0,2,2,472
224900,65.0,8158,AllPub,CollgCr,2003,2,1,3,2,543
248328,83.0,9849,AllPub,Somerst,2007,2,0,3,3,954
170000,85.0,10625,AllPub,NWAmes,1974,2,0,3,2,528
465000,107.0,13891,AllPub,NridgHt,2006,2,1,2,3,850
230000,,11435,AllPub,Crawfor,1929,1,0,3,2,400
178000,78.0,12090,AllPub,NWAmes,1984,3,1,3,2,477
186500,65.0,8125,AllPub,Somerst,2005,2,1,3,2,615
169900,,12328,AllPub,Mitchel,1976,1,0,3,3,888
129500,60.0,9600,AllPub,OldTown,1917,1,1,3,2,396
119000,60.0,7200,AllPub,NAmes,1950,1,0,3,1,276
244000,93.0,11160,AllPub,NAmes,1968,2,1,3,2,522
171750,,3136,AllPub,NridgHt,2003,2,0,2,2,478
130000,62.0,9858,AllPub,Mitchel,1968,1,0,3,1,288
294000,,17542,AllPub,Veenker,1974,2,1,3,2,518
165400,60.0,6931,AllPub,Edwards,2003,2,1,3,2,397
127500,52.0,6240,AllPub,BrkSide,1931,1,0,3,1,560
301500,91.0,14303,AllPub,NoRidge,1994,2,0,2,2,691
99900,56.0,4060,AllPub,Edwards,1922,1,0,2,0,0
190000,59.0,9587,AllPub,Gilbert,2005,2,0,2,2,400
151000,65.0,9750,AllPub,NAmes,1969,1,1,3,2,460
181000,,24682,AllPub,Gilbert,1999,2,1,3,2,502
128900,80.0,9600,AllPub,NAmes,1956,1,0,2,1,338
161500,,11250,AllPub,ClearCr,1957,1,0,5,1,304
180500,60.0,13515,AllPub,BrkSide,1919,1,0,3,2,520
181000,34.0,4060,AllPub,NAmes,1998,2,0,2,2,511
183900,35.0,3735,AllPub,Somerst,1999,2,1,3,2,506
122000,60.0,10120,AllPub,OldTown,1910,1,1,4,1,308
378500,89.0,13214,AllPub,Timber,2008,2,0,3,3,746
381000,,14100,AllPub,Crawfor,1935,3,1,4,3,1014
144000,78.0,11344,AllPub,NAmes,1958,1,1,3,1,315
260000,,23595,AllPub,ClearCr,1979,0,1,0,2,586
185750,,9156,AllPub,NWAmes,1968,2,0,3,2,462
137000,,13526,AllPub,Sawyer,1965,1,0,3,1,288
177000,124.0,11512,AllPub,Edwards,1959,1,0,2,1,312
139000,53.0,5362,AllPub,Crawfor,1910,2,0,3,2,552
137000,95.0,11345,AllPub,NAmes,1948,2,0,4,2,400
162000,,12936,AllPub,NWAmes,1972,1,1,3,2,497
197900,,17871,AllPub,NWAmes,1967,1,1,3,2,480
237000,75.0,9473,AllPub,CollgCr,2002,2,1,3,2,577
68400,60.0,7500,AllPub,IDOTRR,1920,1,0,2,2,528
227000,67.0,9808,AllPub,CollgCr,2002,2,0,3,2,544
180000,50.0,8049,AllPub,Timber,1990,2,0,2,2,484
150500,61.0,8800,AllPub,CollgCr,1977,2,0,3,2,484
139000,94.0,9400,AllPub,Mitchel,1971,2,2,4,0,0
169000,50.0,9638,AllPub,SWISU,1919,2,0,4,1,336
132500,50.0,6000,AllPub,BrkSide,1939,1,0,4,1,280
143000,,9790,AllPub,NWAmes,1963,1,1,3,2,528
190000,,36500,AllPub,ClearCr,1964,2,0,4,2,390
278000,40.0,5664,AllPub,StoneBr,2000,2,0,2,2,499
281000,86.0,11065,AllPub,NridgHt,2006,2,1,3,3,753
180500,,14112,AllPub,NAmes,1964,1,0,3,2,484
119500,21.0,1680,AllPub,BrDale,1972,2,1,3,1,264
107500,60.0,6600,AllPub,OldTown,1892,2,0,4,1,432
162900,78.0,10140,AllPub,NWAmes,1976,2,1,4,2,528
115000,60.0,8172,AllPub,Edwards,1955,1,0,2,2,572
138500,70.0,8400,AllPub,NAmes,1968,1,1,3,1,288
155000,80.0,8700,AllPub,NAmes,1963,2,0,3,2,525
140000,35.0,3675,AllPub,Edwards,2005,2,0,2,2,525
160000,313.0,63887,AllPub,Edwards,2008,2,1,3,2,1418
154000,75.0,7500,AllPub,NAmes,1959,1,1,3,1,305
225000,,10762,AllPub,Gilbert,1999,2,1,3,2,490
177500,,7500,AllPub,Crawfor,1942,1,0,3,1,213
290000,92.0,10120,AllPub,NoRidge,1994,2,1,4,3,844
232000,73.0,8688,AllPub,Somerst,2005,2,0,3,3,834
130000,32.0,3363,AllPub,Edwards,2004,2,0,3,2,380
325000,108.0,13173,AllPub,NridgHt,2006,2,0,2,2,840
202500,48.0,6955,AllPub,NridgHt,2005,2,0,2,2,474
138000,60.0,8072,AllPub,CollgCr,1994,1,0,3,2,480
147000,100.0,12000,AllPub,OldTown,1948,1,0,2,2,528
179200,,7153,AllPub,SawyerW,1991,2,0,3,2,496
335000,100.0,17500,AllPub,Crawfor,1959,2,0,3,2,567
203000,68.0,8814,AllPub,CollgCr,2005,2,0,3,2,508
302000,,9572,AllPub,NoRidge,1990,2,1,4,2,750
333168,108.0,14774,AllPub,NoRidge,1999,2,1,4,3,779
119000,60.0,8190,AllPub,Edwards,1954,1,0,3,1,280
206900,85.0,11075,AllPub,NAmes,1969,2,1,4,2,576
295493,61.0,10226,AllPub,CollgCr,2008,2,0,3,3,860
208900,47.0,4230,AllPub,Somerst,2006,2,0,2,2,466
275000,,14781,AllPub,CollgCr,2001,2,0,3,3,748
111000,75.0,10215,AllPub,Edwards,1954,1,0,3,1,248
156500,70.0,8400,AllPub,NAmes,1957,1,1,3,2,442
72500,,6627,AllPub,BrkSide,1949,1,0,2,1,287
190000,107.0,10186,AllPub,NoRidge,1992,2,1,3,2,564
82500,50.0,5330,AllPub,BrkSide,1940,1,0,2,0,0
147000,75.0,9986,AllPub,Somerst,2006,2,0,2,3,895
55000,40.0,3636,AllPub,IDOTRR,1922,1,0,2,0,0
79000,70.0,4270,AllPub,Edwards,1931,1,0,3,0,0
130500,60.0,6600,AllPub,Mitchel,1982,1,0,3,1,264
256000,60.0,10440,AllPub,OldTown,1920,2,0,5,2,520
176500,63.0,9084,AllPub,Gilbert,1998,2,1,3,2,462
227000,85.0,10000,AllPub,Somerst,2006,2,0,3,3,825
132500,55.0,10780,AllPub,CollgCr,1976,1,0,3,2,576
100000,67.0,8877,AllPub,Edwards,1938,1,0,2,1,288
125500,60.0,7200,AllPub,IDOTRR,1938,1,1,2,1,297
125000,24.0,2368,AllPub,BrDale,1970,1,1,3,2,440
167900,80.0,9650,AllPub,NWAmes,1977,2,0,2,2,630
135000,87.0,9246,AllPub,NWAmes,1973,2,0,4,2,506
52500,153.0,4118,AllPub,OldTown,1941,1,0,2,0,0
200000,95.0,13450,AllPub,CollgCr,2002,2,1,3,2,492
128500,120.0,9560,AllPub,CollgCr,1972,1,0,3,1,288
123000,70.0,8294,AllPub,NAmes,1971,1,0,3,4,480
155000,66.0,13695,AllPub,SawyerW,2003,1,0,3,2,576
228500,,9375,AllPub,CollgCr,2002,2,1,3,2,647
177000,57.0,7558,AllPub,Crawfor,1928,1,1,3,2,342
155835,85.0,11103,AllPub,CollgCr,2006,2,1,3,2,440
108500,50.0,6000,AllPub,OldTown,1920,1,0,2,1,308
262500,,20781,AllPub,NWAmes,1968,2,0,3,2,508
283463,93.0,15306,AllPub,Timber,2006,2,0,3,3,712
215000,,16196,AllPub,SawyerW,1998,2,0,3,2,514
122000,50.0,5250,AllPub,OldTown,1872,2,0,4,0,0
200000,91.0,11643,AllPub,NAmes,1969,2,2,6,4,968
171000,70.0,9247,AllPub,NAmes,1962,1,1,4,2,490
134900,50.0,6000,AllPub,BrkSide,1937,1,0,2,2,624
410000,56.0,14720,AllPub,NoRidge,1995,2,1,4,3,666
235000,,10316,AllPub,CollgCr,2000,2,1,3,3,839
170000,102.0,10192,AllPub,NWAmes,1968,3,0,4,2,487
110000,,9477,AllPub,NAmes,1966,1,0,3,1,264
149900,,12537,AllPub,NAmes,1971,1,1,3,2,500
177500,,2117,AllPub,Somerst,2000,2,1,3,2,440
315000,129.0,16737,AllPub,NridgHt,2004,2,0,3,3,770
189000,51.0,9842,AllPub,SWISU,1921,3,1,4,2,621
260000,124.0,16158,AllPub,StoneBr,2005,2,0,3,2,430
104900,,12513,AllPub,NAmes,1920,2,0,4,1,368
156932,73.0,8499,AllPub,Gilbert,2006,2,1,3,2,432
144152,30.0,3180,AllPub,Somerst,2005,2,1,2,2,480
216000,,7500,AllPub,Somerst,2000,2,1,3,2,663
193000,68.0,9179,AllPub,CollgCr,1999,2,1,3,2,588
127000,41.0,2665,AllPub,MeadowV,1977,2,0,4,1,336
144000,,4435,AllPub,CollgCr,2003,1,0,1,2,420
232000,48.0,10635,AllPub,CollgCr,2003,2,0,3,2,502
105000,90.0,5400,AllPub,OldTown,1920,1,0,2,1,338
165500,80.0,9600,AllPub,NAmes,1955,1,0,3,1,377
274300,75.0,9750,AllPub,CollgCr,1998,2,1,3,2,583
466500,,11400,AllPub,NoRidge,2001,2,1,2,3,804
250000,85.0,10625,AllPub,Somerst,2005,2,1,3,3,936
239000,89.0,10991,AllPub,Timber,2007,2,0,3,3,722
91000,52.0,6292,AllPub,SWISU,1930,1,0,2,1,160
117000,60.0,10998,AllPub,Edwards,1941,2,0,3,2,660
83000,21.0,1953,AllPub,BrDale,1973,1,1,2,1,264
167500,73.0,9735,AllPub,Timber,2006,2,1,3,2,400
58500,45.0,8212,AllPub,Edwards,1914,1,0,2,1,200
237500,,12925,AllPub,NAmes,1970,2,1,4,2,550
157000,60.0,7200,AllPub,OldTown,1920,1,1,4,2,576
112000,,25339,AllPub,Sawyer,1918,2,0,3,2,576
105000,60.0,9060,AllPub,Edwards,1939,1,0,2,1,280
125500,40.0,5436,AllPub,IDOTRR,1922,1,0,3,1,240
250000,80.0,16692,AllPub,NWAmes,1978,3,1,5,2,564
136000,60.0,8520,AllPub,OldTown,1916,2,0,5,1,216
377500,42.0,14892,AllPub,Gilbert,2006,2,0,3,3,758
131000,60.0,6000,AllPub,BrkSide,1941,1,0,3,2,440
235000,70.0,9100,AllPub,CollgCr,2000,2,0,3,2,541
124000,65.0,8944,AllPub,NAmes,1967,2,0,4,3,792
123000,68.0,7838,AllPub,NAmes,1967,1,0,3,1,288
163000,60.0,10800,AllPub,OldTown,1905,2,0,3,2,672
246578,53.0,4045,AllPub,Blmngtn,2006,2,0,2,3,648
281213,88.0,12665,AllPub,Timber,2005,2,1,4,3,642
160000,,57200,AllPub,Timber,1948,1,0,3,2,572
137500,51.0,6120,AllPub,BrkSide,1920,1,1,4,1,180
138000,60.0,7200,AllPub,NAmes,1950,1,1,3,1,240
137450,51.0,6171,AllPub,SWISU,1925,2,1,3,1,216
120000,50.0,6000,AllPub,BrkSide,1929,1,0,3,1,208
193000,62.0,7415,AllPub,Gilbert,2004,2,1,3,2,398
193879,64.0,6762,AllPub,CollgCr,2006,2,0,2,2,662
282922,49.0,15256,AllPub,Somerst,2007,2,0,3,3,754
105000,60.0,10410,AllPub,OldTown,1915,1,0,3,3,936
275000,44.0,3842,AllPub,Crawfor,2004,2,0,2,2,482
133000,70.0,8445,AllPub,CollgCr,1972,1,0,2,2,396
112000,,8780,AllPub,Mitchel,1985,1,0,3,0,0
125500,60.0,7740,AllPub,OldTown,1910,1,0,3,2,528
215000,46.0,20544,AllPub,NWAmes,1986,2,1,3,2,542
230000,79.0,12420,AllPub,CollgCr,2001,2,1,3,2,622
140000,80.0,9600,AllPub,NAmes,1950,1,1,3,1,271
90000,60.0,7200,AllPub,NAmes,1949,2,0,2,2,420
257000,88.0,10994,AllPub,SawyerW,2005,2,0,2,2,620
207000,64.0,13053,AllPub,BrkSide,1923,1,1,4,2,370
175900,51.0,3635,AllPub,Blmngtn,2007,2,0,1,3,660
122500,60.0,11340,AllPub,OldTown,1885,2,0,4,2,560
340000,,16545,AllPub,NoRidge,1998,2,1,3,3,1069
124000,71.0,9204,AllPub,NAmes,1963,1,1,3,1,336
223000,,16381,AllPub,Crawfor,1969,2,0,3,2,540
179900,90.0,11700,AllPub,NWAmes,1968,2,1,3,2,776
127500,53.0,4043,AllPub,NPkVill,1977,2,0,2,2,440
136500,37.0,4435,AllPub,CollgCr,2003,1,0,1,2,420
274970,,19690,AllPub,Edwards,1966,2,0,4,2,432
144000,,9503,AllPub,NAmes,1958,1,0,2,1,484
142000,80.0,10721,AllPub,NAmes,1959,1,0,3,2,528
271000,81.0,10944,AllPub,NoRidge,1994,2,1,3,2,525
140000,60.0,10930,AllPub,NAmes,1945,1,1,3,1,288
119000,60.0,7200,AllPub,OldTown,1940,1,0,2,1,240
182900,,12546,AllPub,NWAmes,1981,2,0,3,2,467
192140,60.0,21930,AllPub,Gilbert,2005,2,1,4,2,372
143750,,4928,AllPub,NPkVill,1976,2,0,2,2,440
64500,60.0,10800,AllPub,OldTown,1927,2,0,4,1,216
186500,93.0,10261,AllPub,Gilbert,2000,2,1,3,2,451
160000,80.0,17400,AllPub,Mitchel,1977,2,0,3,2,484
174000,80.0,8400,AllPub,NAmes,1962,1,1,3,2,462
120500,60.0,9000,AllPub,NAmes,1971,1,0,3,2,528
394617,96.0,12444,AllPub,NridgHt,2008,2,0,2,3,774
149700,90.0,7407,AllPub,OldTown,1957,1,0,2,2,923
197000,80.0,11584,AllPub,NWAmes,1979,2,1,3,2,550
191000,79.0,11526,AllPub,Crawfor,1922,2,0,3,2,672
149300,,4426,AllPub,CollgCr,2004,1,0,1,2,420
310000,85.0,11003,AllPub,Somerst,2008,2,1,3,3,812
121000,,8854,AllPub,BrkSide,1916,1,0,2,1,192
179600,63.0,8500,AllPub,CollgCr,2004,2,0,3,2,626
129000,70.0,8400,AllPub,Sawyer,1966,1,0,3,1,240
157900,,26142,AllPub,Mitchel,1962,1,0,3,1,312
240000,80.0,10000,AllPub,CollgCr,1995,2,1,3,2,556
112000,70.0,11767,AllPub,Edwards,1910,1,1,2,1,384
92000,21.0,1533,AllPub,MeadowV,1970,1,0,1,0,0
136000,60.0,9000,AllPub,NAmes,1974,2,2,4,0,0
287090,78.0,9262,AllPub,Somerst,2008,2,0,3,3,840
145000,35.0,3675,AllPub,Edwards,2005,1,0,2,2,525
84500,90.0,17217,AllPub,Mitchel,2006,1,0,3,0,0
185000,62.0,7500,AllPub,Somerst,2004,2,0,2,2,400
175000,62.0,7917,AllPub,Gilbert,1999,2,1,3,2,460
210000,85.0,13175,AllPub,NWAmes,1978,2,0,3,2,500
266500,66.0,9042,AllPub,Crawfor,1941,2,0,4,1,252
142125,68.0,9717,AllPub,NAmes,1950,1,0,2,1,240
147500,75.0,9937,AllPub,Edwards,1965,1,1,3,1,276
